Temperature,Humidity,Rainfall,Sunlight,Crop_Type,Crop_Stage,Soil_Moisture
32.79,41.25,5.5,Low,Wheat,Seedling,42.07
37.84,44.35,8.44,Low,Rice,Vegetative,36.32
32.04,68.06,14.32,High,Cotton,Fruiting,46.82
31.79,80.47,0.13,Low,Sugarcane,Flowering,30.44
24.31,78.17,2.04,Moderate,Rice,Flowering,44.05
32.07,80.36,14.59,High,Rice,Fruiting,48.81
25.86,71.43,17.71,Moderate,Cotton,Vegetative,76.98
20.92,51.39,5.79,Low,Wheat,Seedling,50.5
29.07,81.71,3.25,Moderate,Wheat,Flowering,41.64
33.67,43.57,12.7,High,Wheat,Vegetative,42.47
25.4,86.27,13.76,Low,Maize,Seedling,72.5
20.64,55.77,5.35,Low,Cotton,Flowering,42.39
29.98,84.23,12.86,Low,Maize,Vegetative,64.52
31.23,53.14,11.69,High,Sugarcane,Flowering,37.19
39.95,65.48,1.82,Low,Rice,Vegetative,32.73
35.84,61.11,1.27,Moderate,Cotton,Fruiting,22.92
39.42,83.04,0.23,High,Rice,Harvest,26.9
35.37,57.01,5.87,Low,Sugarcane,Seedling,49.98
37.52,53.17,10.01,Low,Cotton,Seedling,54.89
25.97,71.95,12.18,Low,Maize,Vegetative,67.24
35.57,66.52,0.01,Moderate,Sugarcane,Seedling,21.31
27.26,89.27,16.14,Low,Rice,Vegetative,85.53
38.94,44.28,9.72,Low,Cotton,Vegetative,36.57
29.51,67.49,5.3,High,Sugarcane,Vegetative,44.16
35.11,74.49,14.26,Moderate,Maize,Fruiting,62.02
29.03,52.4,1.28,Low,Cotton,Harvest,29.99
24.4,43.55,12.62,Low,Rice,Seedling,68.06
21.42,51.9,13.38,Low,Cotton,Vegetative,70.44
37.65,68.81,4.86,Moderate,Sugarcane,Vegetative,28.72
33.18,57.71,8.22,High,Rice,Seedling,32.82
34.56,80.03,2.19,Low,Wheat,Harvest,39.36
28.44,53.93,5.0,Low,Sugarcane,Harvest,36.99
33.04,67.03,0.3,Low,Wheat,Vegetative,31.84
29.63,83.23,18.05,Low,Sugarcane,Seedling,89.74
25.3,79.2,9.1,Moderate,Cotton,Fruiting,48.02
25.93,88.44,11.58,High,Rice,Flowering,49.18
31.68,65.14,17.05,Low,Rice,Harvest,63.99
23.72,69.75,13.5,Low,Sugarcane,Seedling,79.71
31.39,68.95,0.79,Low,Sugarcane,Harvest,37.35
26.33,53.04,13.39,Moderate,Wheat,Flowering,52.64
33.43,55.0,6.32,Low,Rice,Fruiting,40.6
31.26,45.0,10.75,High,Maize,Vegetative,48.07
37.62,83.96,7.39,Low,Sugarcane,Harvest,53.61
32.23,89.36,13.08,Low,Cotton,Flowering,71.71
22.07,83.91,5.29,Low,Cotton,Vegetative,54.51
32.1,75.88,4.07,High,Maize,Harvest,34.85
38.11,82.31,1.85,Moderate,Maize,Seedling,26.33
35.42,71.86,5.24,High,Sugarcane,Harvest,37.04
31.22,45.59,18.9,High,Wheat,Harvest,51.86
27.38,67.63,8.6,Low,Maize,Flowering,58.69
35.92,83.04,17.98,Low,Wheat,Seedling,74.39
31.2,83.74,19.48,High,Wheat,Vegetative,77.85
39.52,80.54,17.63,Low,Wheat,Flowering,70.85
28.23,73.5,14.7,Low,Maize,Vegetative,75.4
22.16,83.61,17.17,Low,Wheat,Fruiting,77.72
36.41,83.57,4.46,High,Wheat,Fruiting,28.01
37.29,88.34,5.58,High,Cotton,Fruiting,36.82
36.87,56.56,0.55,Moderate,Wheat,Harvest,30.08
25.31,45.42,8.69,High,Maize,Fruiting,39.2
30.23,59.26,11.53,Moderate,Rice,Fruiting,40.99
38.51,66.92,14.39,High,Wheat,Flowering,44.83
38.98,86.04,12.46,High,Rice,Flowering,47.15
33.34,56.31,13.94,High,Wheat,Vegetative,48.62
38.81,73.87,18.06,High,Cotton,Flowering,54.34
36.67,55.19,4.2,High,Cotton,Flowering,20.9
28.84,50.69,9.46,High,Wheat,Seedling,40.49
33.28,70.96,1.87,Low,Maize,Vegetative,42.68
22.95,42.31,19.68,High,Rice,Fruiting,61.26
32.6,49.72,13.93,Moderate,Sugarcane,Vegetative,47.84
33.75,84.63,17.21,Low,Sugarcane,Vegetative,70.07
39.16,65.9,1.0,Low,Rice,Fruiting,19.78
29.29,66.56,11.18,Moderate,Sugarcane,Harvest,60.17
37.84,61.34,18.14,Moderate,Wheat,Fruiting,57.24
35.04,81.99,5.55,High,Sugarcane,Vegetative,34.17
21.55,54.29,5.43,Moderate,Cotton,Seedling,41.21
24.63,74.7,14.13,Low,Sugarcane,Fruiting,66.09
29.32,43.11,16.66,Moderate,Cotton,Seedling,67.84
35.31,59.02,0.12,Moderate,Maize,Fruiting,25.38
39.07,60.95,14.95,High,Cotton,Vegetative,48.73
25.46,64.28,7.78,High,Sugarcane,Vegetative,50.48
38.39,89.04,10.68,Moderate,Cotton,Harvest,56.1
21.68,61.43,17.34,Low,Rice,Flowering,72.3
24.23,56.34,15.22,Moderate,Maize,Fruiting,57.04
21.64,40.97,10.79,Moderate,Wheat,Seedling,59.22
33.04,77.71,18.99,Low,Rice,Harvest,72.1
22.52,73.47,11.28,Low,Sugarcane,Flowering,68.11
23.36,70.36,14.96,Low,Wheat,Flowering,64.06
20.51,55.6,13.55,Moderate,Sugarcane,Vegetative,57.3
33.81,71.36,2.04,Moderate,Cotton,Seedling,39.59
31.32,42.05,10.65,High,Maize,Seedling,42.08
26.82,82.48,16.45,Low,Sugarcane,Flowering,76.65
36.57,75.37,8.71,High,Cotton,Flowering,39.37
38.39,78.73,9.3,High,Cotton,Flowering,35.52
24.91,86.73,5.58,Moderate,Wheat,Fruiting,49.48
33.36,56.82,9.89,Moderate,Wheat,Fruiting,37.51
35.96,57.02,17.61,High,Maize,Harvest,48.24
38.96,44.28,14.4,Moderate,Cotton,Vegetative,50.85
32.92,64.54,15.86,Low,Maize,Vegetative,65.39
24.87,73.2,7.38,High,Cotton,Flowering,42.11
34.92,56.54,14.06,Moderate,Maize,Flowering,45.65
34.43,55.78,14.86,High,Wheat,Vegetative,46.34
29.68,76.23,19.53,High,Cotton,Flowering,74.78
36.65,54.81,7.22,Moderate,Rice,Harvest,31.03
20.91,42.73,5.84,Low,Sugarcane,Seedling,55.9
31.48,63.47,8.81,Low,Rice,Flowering,55.3
29.55,81.11,8.01,Low,Cotton,Seedling,53.74
36.22,87.46,1.7,Low,Rice,Harvest,44.23
32.13,79.54,4.51,High,Sugarcane,Fruiting,39.62
25.95,69.43,8.58,High,Cotton,Seedling,51.7
34.8,87.38,4.16,Low,Maize,Seedling,43.04
23.48,43.75,0.05,Moderate,Cotton,Fruiting,21.11
24.63,75.35,14.06,Moderate,Rice,Vegetative,74.62
35.76,71.25,13.22,Low,Sugarcane,Seedling,63.56
32.95,85.42,16.53,Low,Rice,Vegetative,79.31
31.9,81.21,18.42,Moderate,Rice,Fruiting,72.39
33.99,87.13,10.01,Moderate,Sugarcane,Seedling,58.54
37.79,76.73,12.07,Low,Rice,Vegetative,65.73
36.72,68.76,19.02,High,Maize,Harvest,54.74
35.13,63.53,13.03,Moderate,Wheat,Harvest,52.6
36.28,88.45,9.4,Moderate,Maize,Flowering,50.91
37.15,56.49,13.87,Moderate,Sugarcane,Harvest,44.33
21.76,52.62,2.32,Moderate,Cotton,Seedling,42.0
30.85,60.66,3.75,Moderate,Cotton,Fruiting,33.77
35.2,50.18,10.98,Moderate,Sugarcane,Fruiting,34.99
39.46,70.44,4.79,Low,Maize,Harvest,31.32
28.16,51.24,16.83,Low,Sugarcane,Seedling,73.23
23.08,86.63,5.84,High,Maize,Fruiting,50.73
39.6,52.19,11.03,Moderate,Wheat,Harvest,42.37
37.59,83.2,5.52,Moderate,Maize,Harvest,37.31
20.05,76.3,16.75,High,Sugarcane,Vegetative,71.84
29.69,56.62,15.26,Moderate,Sugarcane,Flowering,62.72
39.62,51.94,7.66,Moderate,Rice,Flowering,34.65
34.1,80.57,7.72,High,Wheat,Fruiting,46.31
22.52,88.27,6.64,Low,Sugarcane,Seedling,64.49
29.14,76.12,8.2,High,Wheat,Seedling,48.08
39.38,56.93,13.85,High,Rice,Flowering,46.68
37.19,59.0,6.33,High,Sugarcane,Harvest,23.45
21.37,71.56,18.42,Low,Rice,Fruiting,87.55
35.21,75.19,2.01,Low,Maize,Seedling,32.55
35.92,54.67,7.5,Low,Wheat,Harvest,41.76
33.64,49.0,3.5,High,Sugarcane,Harvest,27.42
29.95,69.16,4.64,High,Maize,Fruiting,28.08
20.19,80.23,18.02,High,Cotton,Vegetative,69.74
38.9,89.38,5.98,Moderate,Maize,Fruiting,44.37
23.98,59.23,9.66,Low,Sugarcane,Harvest,56.58
25.92,74.96,0.44,High,Sugarcane,Flowering,19.85
37.3,78.92,19.47,High,Sugarcane,Flowering,66.08
24.6,80.1,4.38,Low,Cotton,Flowering,51.83
34.42,72.96,16.77,High,Rice,Seedling,59.19
28.82,68.98,14.65,Low,Maize,Flowering,68.83
23.51,46.61,10.79,Moderate,Cotton,Harvest,59.53
36.61,52.85,16.49,Moderate,Maize,Flowering,57.71
29.37,43.76,15.08,Low,Sugarcane,Harvest,59.66
35.81,40.7,10.73,Moderate,Maize,Flowering,38.52
36.45,87.01,2.17,Low,Sugarcane,Seedling,44.63
38.86,56.4,12.2,High,Rice,Fruiting,44.22
26.04,60.41,2.8,Low,Maize,Fruiting,32.31
24.7,66.88,7.77,Moderate,Cotton,Fruiting,48.8
34.53,84.27,13.1,Moderate,Cotton,Fruiting,63.5
25.59,74.51,4.35,Moderate,Wheat,Flowering,35.04
33.71,67.22,19.56,Moderate,Rice,Fruiting,62.64
39.36,87.45,16.48,Low,Wheat,Harvest,77.54
21.01,56.68,19.78,High,Wheat,Seedling,79.99
31.08,69.32,16.26,Low,Maize,Vegetative,75.32
31.92,53.86,19.68,Low,Cotton,Flowering,73.69
22.2,83.32,2.64,Moderate,Wheat,Harvest,44.22
23.48,42.62,14.83,High,Rice,Seedling,57.25
35.56,65.66,2.18,High,Wheat,Harvest,17.74
35.66,83.35,10.43,Moderate,Rice,Seedling,63.4
36.95,61.31,2.16,High,Sugarcane,Seedling,30.97
26.44,47.42,2.52,High,Cotton,Harvest,31.01
27.62,69.87,5.9,High,Cotton,Fruiting,30.43
34.04,82.64,13.02,High,Wheat,Fruiting,50.43
24.57,56.95,9.07,Moderate,Rice,Flowering,46.21
33.3,58.72,3.05,Moderate,Rice,Seedling,38.99
21.86,44.83,14.78,Low,Cotton,Seedling,70.86
31.23,56.48,2.44,Moderate,Sugarcane,Seedling,40.82
32.01,57.58,11.56,Low,Wheat,Fruiting,47.69
22.16,82.27,7.35,Moderate,Cotton,Vegetative,62.04
36.9,88.73,16.37,High,Cotton,Seedling,65.86
33.16,74.67,0.58,Moderate,Maize,Flowering,24.77
23.63,47.16,13.15,Low,Wheat,Seedling,58.64
30.61,58.81,9.07,Low,Maize,Flowering,51.65
35.54,68.38,1.7,Low,Wheat,Vegetative,38.89
21.0,44.08,8.86,Moderate,Sugarcane,Harvest,48.99
25.46,77.75,2.28,Moderate,Rice,Flowering,40.82
31.86,66.35,6.17,Low,Sugarcane,Harvest,39.87
24.09,87.27,15.35,Moderate,Maize,Flowering,64.6
29.95,61.53,2.58,High,Wheat,Harvest,30.11
33.36,57.71,7.94,High,Rice,Fruiting,25.39
38.42,83.11,11.52,High,Sugarcane,Fruiting,41.17
28.1,88.31,3.44,High,Sugarcane,Flowering,29.99
36.89,52.17,11.78,High,Rice,Fruiting,42.98
34.92,51.08,15.58,Low,Cotton,Seedling,63.15
23.88,78.81,7.02,High,Wheat,Vegetative,42.63
25.12,48.67,3.06,High,Rice,Vegetative,37.46
32.56,63.2,11.27,High,Sugarcane,Harvest,48.99
39.73,56.16,19.42,Moderate,Wheat,Fruiting,50.88
28.84,55.14,5.49,Low,Maize,Harvest,37.74
29.23,41.88,7.37,Moderate,Rice,Seedling,43.23
30.14,63.14,11.09,High,Rice,Fruiting,50.77
31.43,49.41,12.1,High,Wheat,Seedling,46.51
36.22,81.87,19.65,Low,Cotton,Vegetative,70.44
34.15,89.55,10.48,High,Wheat,Flowering,45.57
25.66,60.44,6.77,High,Rice,Flowering,30.55
21.89,73.92,5.68,High,Cotton,Vegetative,43.49
31.65,47.07,7.0,High,Sugarcane,Vegetative,34.72
38.76,55.48,7.53,Moderate,Wheat,Harvest,29.7
33.41,65.42,0.36,Moderate,Wheat,Vegetative,25.16
35.32,49.6,20.0,Low,Rice,Flowering,71.13
22.02,78.54,16.7,High,Rice,Flowering,73.71
32.36,69.86,3.09,Low,Cotton,Vegetative,44.41
20.87,58.21,14.39,Moderate,Cotton,Flowering,66.46
35.68,51.7,4.78,Moderate,Wheat,Flowering,30.33
31.41,62.03,15.39,Moderate,Cotton,Harvest,60.04
23.24,49.98,12.09,Moderate,Rice,Fruiting,58.99
31.09,45.13,16.92,Low,Maize,Seedling,71.1
25.46,85.27,2.95,Moderate,Rice,Vegetative,50.77
37.69,86.52,8.3,Moderate,Cotton,Flowering,39.84
39.89,58.75,0.56,Low,Maize,Vegetative,20.15
25.74,81.49,13.92,Low,Sugarcane,Fruiting,71.32
38.12,40.95,4.31,Low,Cotton,Harvest,30.72
22.22,54.41,6.02,Low,Wheat,Fruiting,49.01
32.46,43.14,16.73,Moderate,Cotton,Harvest,50.04
30.31,52.1,2.87,Moderate,Rice,Harvest,29.34
31.41,49.37,13.36,High,Maize,Seedling,57.33
30.88,79.32,10.15,Low,Sugarcane,Fruiting,49.12
27.74,58.67,14.95,Moderate,Rice,Flowering,54.16
33.14,45.18,11.64,Moderate,Wheat,Seedling,46.29
26.77,72.14,16.61,High,Sugarcane,Fruiting,63.88
36.23,43.16,15.52,Moderate,Rice,Flowering,43.33
35.82,84.29,6.31,Moderate,Cotton,Fruiting,48.34
30.86,52.67,15.07,Low,Maize,Flowering,65.06
20.96,72.79,5.46,Moderate,Sugarcane,Fruiting,50.97
37.89,59.33,19.47,Moderate,Sugarcane,Flowering,67.11
30.39,80.06,14.54,Low,Sugarcane,Harvest,78.62
23.61,54.69,2.05,Moderate,Maize,Flowering,31.16
34.35,48.33,8.88,Moderate,Rice,Flowering,38.39
28.7,71.97,15.83,Low,Rice,Fruiting,66.27
36.02,73.97,19.06,Low,Cotton,Fruiting,62.86
21.34,78.93,7.33,Moderate,Cotton,Seedling,60.41
33.58,87.44,7.44,Low,Cotton,Vegetative,55.21
27.96,72.48,4.99,Low,Rice,Vegetative,49.34
27.74,68.08,5.24,Moderate,Sugarcane,Vegetative,51.7
25.71,85.82,9.82,Low,Wheat,Seedling,67.01
37.97,62.26,1.76,High,Maize,Flowering,20.53
31.0,54.52,6.0,Low,Wheat,Flowering,39.9
22.43,50.05,2.78,Moderate,Rice,Flowering,34.05
27.38,80.18,11.03,High,Rice,Seedling,54.36
39.99,75.94,10.51,Moderate,Cotton,Seedling,43.92
26.34,43.71,9.32,High,Maize,Vegetative,47.59
35.61,71.99,3.64,Low,Sugarcane,Harvest,46.69
21.11,46.21,3.06,Low,Wheat,Flowering,45.66
24.51,87.37,10.38,Moderate,Rice,Flowering,54.58
39.13,53.72,12.5,High,Cotton,Seedling,43.35
23.37,87.08,3.08,High,Cotton,Harvest,40.61
38.48,42.06,17.28,Low,Rice,Harvest,55.08
24.22,68.61,12.36,Low,Sugarcane,Harvest,64.03
39.13,64.15,16.09,High,Sugarcane,Flowering,47.6
33.77,47.9,8.31,Moderate,Wheat,Flowering,37.34
26.25,75.92,14.68,Moderate,Sugarcane,Vegetative,72.24
30.3,45.31,4.83,Low,Maize,Fruiting,30.95
21.94,54.51,7.68,High,Sugarcane,Vegetative,52.1
38.05,80.67,18.68,High,Maize,Vegetative,68.07
29.97,65.74,9.98,Moderate,Sugarcane,Seedling,47.14
27.86,62.86,4.81,High,Maize,Seedling,30.96
29.9,84.12,13.09,Moderate,Maize,Harvest,56.24
22.15,46.7,5.29,Moderate,Sugarcane,Flowering,30.65
21.02,68.09,7.25,Moderate,Rice,Fruiting,49.63
35.29,53.99,19.78,High,Cotton,Seedling,56.54
21.93,58.66,19.74,High,Maize,Vegetative,67.67
30.18,65.0,0.91,Low,Maize,Fruiting,32.67
22.98,84.66,2.8,High,Maize,Vegetative,40.46
32.33,82.13,11.87,High,Cotton,Harvest,53.73
31.26,63.74,0.33,Moderate,Rice,Fruiting,26.18
35.94,76.27,13.76,Low,Cotton,Fruiting,55.65
33.11,88.6,11.57,Low,Rice,Harvest,64.23
30.48,76.06,15.49,Moderate,Wheat,Vegetative,59.02
38.96,45.49,0.38,Moderate,Sugarcane,Vegetative,15.92
24.08,65.09,12.23,Moderate,Rice,Vegetative,61.47
31.22,89.91,9.57,Moderate,Maize,Vegetative,56.41
30.66,67.31,13.52,High,Maize,Harvest,54.16
39.15,53.95,5.97,Moderate,Maize,Vegetative,35.04
29.78,63.99,11.21,High,Maize,Flowering,38.98
33.53,58.98,19.6,Moderate,Wheat,Flowering,56.66
39.11,43.95,18.48,High,Maize,Fruiting,42.98
36.56,53.56,11.24,Moderate,Wheat,Seedling,49.4
31.74,52.12,13.4,High,Wheat,Vegetative,41.56
28.27,75.87,2.01,Low,Rice,Harvest,51.21
23.16,72.64,17.61,Moderate,Sugarcane,Vegetative,80.1
25.74,54.27,1.18,Low,Cotton,Vegetative,37.85
34.46,86.83,18.26,Low,Sugarcane,Vegetative,84.6
20.73,81.81,15.76,Low,Maize,Seedling,75.78
31.36,45.37,19.66,Moderate,Sugarcane,Harvest,66.16
37.79,46.71,10.08,Moderate,Wheat,Seedling,39.25
34.62,72.41,14.37,Low,Maize,Flowering,61.73
35.15,48.77,17.12,Moderate,Sugarcane,Harvest,55.42
28.02,44.77,19.63,Moderate,Maize,Vegetative,60.31
27.67,62.34,5.34,Moderate,Maize,Harvest,45.88
20.23,72.68,13.86,Low,Rice,Fruiting,68.02
28.11,65.13,17.9,High,Maize,Seedling,69.65
38.81,58.38,4.42,Low,Sugarcane,Vegetative,34.47
39.78,58.68,14.04,Moderate,Cotton,Vegetative,54.86
33.61,69.79,15.75,High,Sugarcane,Harvest,60.96
21.56,68.21,1.24,High,Cotton,Vegetative,36.11
23.0,56.41,10.41,Low,Wheat,Harvest,60.25
37.98,62.27,1.11,Low,Cotton,Fruiting,25.05
21.15,63.12,16.14,High,Rice,Fruiting,58.6
20.06,50.9,1.46,Moderate,Maize,Seedling,39.09
21.21,84.71,19.72,Moderate,Rice,Flowering,80.37
35.38,78.29,19.57,High,Sugarcane,Flowering,71.12
27.65,83.48,18.14,Moderate,Rice,Harvest,70.96
37.21,45.93,19.86,Moderate,Cotton,Vegetative,65.35
24.45,40.17,0.45,Moderate,Sugarcane,Harvest,26.27
27.59,51.48,9.21,Low,Maize,Vegetative,59.63
34.5,45.64,16.19,Moderate,Cotton,Seedling,53.56
21.35,69.7,8.93,High,Rice,Vegetative,56.32
28.05,51.72,4.35,Low,Wheat,Harvest,49.54
24.68,85.82,11.52,High,Cotton,Flowering,52.14
37.53,89.28,10.43,Moderate,Maize,Flowering,42.68
38.97,83.99,18.23,High,Sugarcane,Harvest,63.06
39.45,87.08,13.43,High,Maize,Fruiting,47.64
26.0,49.19,10.76,Low,Wheat,Flowering,58.35
22.89,63.15,1.15,Moderate,Sugarcane,Harvest,37.64
27.77,52.75,6.61,Low,Sugarcane,Flowering,36.63
34.49,49.52,5.37,High,Cotton,Harvest,20.71
21.46,80.23,11.75,High,Cotton,Vegetative,61.42
37.39,56.65,19.14,Low,Wheat,Vegetative,75.58
22.35,89.98,9.58,Low,Cotton,Vegetative,67.54
24.79,56.08,5.66,Moderate,Cotton,Flowering,36.38
27.19,84.14,9.32,High,Sugarcane,Flowering,55.62
27.41,60.7,11.25,Low,Wheat,Seedling,58.2
38.7,68.96,8.35,Low,Wheat,Flowering,38.78
31.4,52.29,11.01,High,Maize,Flowering,44.0
29.77,76.18,14.79,Moderate,Wheat,Flowering,56.28
34.41,64.42,18.34,High,Rice,Harvest,53.69
36.93,87.26,13.36,Low,Sugarcane,Vegetative,70.51
24.63,75.36,0.18,High,Sugarcane,Flowering,21.27
32.75,86.7,18.26,High,Sugarcane,Seedling,63.09
31.03,40.59,10.59,Moderate,Cotton,Flowering,32.93
36.26,73.7,16.12,Low,Rice,Seedling,69.96
24.82,70.99,5.05,Moderate,Maize,Fruiting,35.82
39.19,62.95,4.86,High,Wheat,Flowering,26.17
36.96,72.69,17.16,Low,Rice,Fruiting,63.06
31.05,42.81,0.19,Low,Rice,Fruiting,28.95
32.9,56.56,19.55,Low,Cotton,Seedling,70.33
38.03,74.61,11.34,Moderate,Rice,Seedling,55.86
25.61,67.15,13.16,Low,Maize,Seedling,76.99
31.74,77.61,14.25,Moderate,Rice,Flowering,53.84
24.81,81.73,7.78,High,Maize,Fruiting,50.88
22.8,89.42,14.48,High,Maize,Seedling,65.0
24.64,43.8,12.1,High,Cotton,Fruiting,52.55
26.53,71.71,15.67,Moderate,Sugarcane,Vegetative,66.46
38.82,61.59,13.59,High,Sugarcane,Seedling,52.67
25.91,52.32,1.47,Moderate,Wheat,Fruiting,31.59
32.68,76.98,6.33,Low,Rice,Seedling,58.96
28.89,78.07,2.04,Low,Wheat,Fruiting,38.98
31.09,60.4,0.53,Moderate,Cotton,Seedling,31.96
35.69,83.19,0.25,Moderate,Sugarcane,Seedling,36.55
31.19,89.64,4.85,High,Wheat,Fruiting,32.32
25.38,53.42,2.92,Low,Sugarcane,Flowering,35.88
29.68,43.85,5.03,Low,Sugarcane,Harvest,41.34
29.16,46.77,0.14,Moderate,Maize,Harvest,23.09
37.24,62.01,8.61,High,Cotton,Vegetative,33.56
32.06,74.76,9.58,Low,Sugarcane,Flowering,49.52
33.9,64.55,11.52,Low,Maize,Fruiting,49.07
35.72,58.25,18.64,Low,Cotton,Harvest,63.79
35.35,41.35,14.54,High,Wheat,Fruiting,45.88
36.63,43.46,16.96,Moderate,Sugarcane,Vegetative,57.18
24.84,72.93,14.3,Moderate,Rice,Fruiting,71.32
29.58,60.04,10.13,High,Sugarcane,Harvest,38.22
39.37,75.08,16.25,High,Rice,Seedling,62.08
33.15,57.75,12.94,Low,Cotton,Fruiting,61.74
26.63,79.81,2.12,Low,Maize,Vegetative,46.47
30.38,69.03,11.5,Moderate,Maize,Fruiting,51.11
33.59,74.52,3.01,Low,Sugarcane,Seedling,39.83
38.41,44.29,16.63,High,Wheat,Flowering,41.14
29.11,50.34,9.66,Moderate,Rice,Fruiting,46.62
29.05,43.36,0.89,High,Rice,Seedling,28.31
32.96,73.86,3.29,High,Wheat,Harvest,26.82
23.2,67.99,19.17,Low,Sugarcane,Vegetative,77.99
33.15,59.78,14.75,Low,Sugarcane,Harvest,61.74
20.09,50.74,5.57,High,Rice,Harvest,34.03
37.44,49.35,6.52,Moderate,Rice,Flowering,31.93
29.79,88.3,6.27,Moderate,Cotton,Fruiting,47.84
26.96,82.28,12.35,High,Maize,Harvest,60.73
33.44,55.66,4.77,Low,Wheat,Flowering,38.53
30.22,60.91,2.76,Moderate,Sugarcane,Vegetative,33.96
30.75,85.96,18.61,Low,Cotton,Vegetative,80.96
22.81,55.73,9.02,Low,Maize,Seedling,59.07
23.9,59.2,11.23,High,Sugarcane,Fruiting,51.3
28.31,81.99,9.77,Low,Cotton,Seedling,69.18
24.41,41.63,4.5,Moderate,Wheat,Fruiting,33.91
35.45,64.77,10.22,High,Rice,Flowering,42.96
36.47,58.34,16.45,Low,Sugarcane,Harvest,59.01
28.5,76.8,13.07,Low,Maize,Seedling,69.19
26.97,80.84,8.78,Low,Wheat,Vegetative,65.96
31.76,57.53,14.22,High,Sugarcane,Vegetative,53.99
35.7,80.68,16.11,High,Maize,Harvest,56.58
30.78,56.18,14.08,Moderate,Cotton,Flowering,60.44
30.29,85.01,16.3,Low,Sugarcane,Seedling,86.01
37.34,46.34,17.32,Low,Wheat,Flowering,62.39
35.23,73.81,9.79,High,Maize,Fruiting,38.5
21.51,79.73,15.38,Moderate,Cotton,Flowering,73.66
37.55,62.73,9.76,High,Rice,Seedling,44.95
29.17,73.21,7.16,Low,Cotton,Fruiting,44.86
28.59,50.59,5.37,Moderate,Maize,Harvest,39.37
31.32,64.27,6.87,High,Rice,Seedling,33.93
35.68,62.98,2.48,Low,Sugarcane,Fruiting,22.82
39.16,50.12,13.77,Low,Maize,Vegetative,58.99
37.53,44.67,7.21,Low,Maize,Vegetative,31.07
32.51,76.3,15.1,Moderate,Rice,Seedling,58.12
29.54,46.63,4.52,High,Sugarcane,Seedling,23.43
26.87,46.03,17.21,High,Wheat,Fruiting,48.31
27.66,76.54,2.05,Moderate,Maize,Flowering,29.54
35.47,77.66,2.66,High,Wheat,Seedling,32.26
20.17,72.5,8.8,High,Wheat,Vegetative,60.69
32.32,62.12,4.34,Low,Wheat,Seedling,44.76
27.68,88.16,6.29,Low,Wheat,Flowering,55.46
24.96,70.05,14.42,Moderate,Rice,Flowering,58.06
32.14,49.43,7.84,High,Rice,Vegetative,35.28
22.25,64.98,11.88,High,Rice,Flowering,59.77
22.64,83.04,11.37,Moderate,Cotton,Vegetative,70.02
39.09,78.52,0.33,Low,Rice,Flowering,23.46
38.45,87.43,7.96,Moderate,Cotton,Fruiting,41.76
28.05,72.03,10.75,Low,Maize,Seedling,60.78
30.23,50.16,16.16,High,Maize,Fruiting,52.8
35.26,72.49,12.86,Moderate,Sugarcane,Vegetative,48.76
21.72,61.72,9.07,High,Rice,Flowering,48.75
33.16,48.78,0.25,Low,Rice,Vegetative,27.6
26.93,65.86,16.45,Moderate,Wheat,Flowering,58.43
35.62,53.44,17.73,Low,Maize,Fruiting,57.89
21.28,75.62,11.53,Low,Sugarcane,Fruiting,66.2
21.11,82.97,3.34,Low,Maize,Seedling,62.66
33.48,45.77,14.82,Low,Rice,Seedling,56.46
29.44,59.15,3.0,Low,Cotton,Fruiting,31.39
24.97,85.79,6.4,Low,Cotton,Flowering,48.75
33.47,42.63,4.46,High,Rice,Fruiting,13.93
29.3,54.12,16.9,Moderate,Rice,Harvest,63.28
27.38,54.58,15.69,High,Cotton,Vegetative,57.41
31.83,64.67,15.45,Low,Cotton,Vegetative,61.34
38.65,41.2,10.83,High,Rice,Flowering,22.29
33.15,82.45,14.54,Low,Wheat,Harvest,76.93
28.4,88.06,19.45,Low,Maize,Seedling,80.19
24.63,82.28,8.26,Moderate,Sugarcane,Seedling,60.44
30.11,71.86,7.89,High,Cotton,Seedling,44.79
39.28,51.84,5.22,Moderate,Sugarcane,Flowering,22.7
25.44,43.73,4.05,High,Rice,Vegetative,24.37
28.99,55.7,2.41,Moderate,Wheat,Fruiting,25.75
25.3,46.0,3.15,High,Maize,Harvest,22.14
36.72,56.39,1.82,Low,Maize,Fruiting,26.76
33.54,53.01,19.81,Low,Sugarcane,Fruiting,68.55
31.0,44.74,2.04,Low,Rice,Seedling,27.1
35.62,51.11,3.96,Moderate,Maize,Seedling,32.87
25.18,80.64,0.44,Low,Wheat,Fruiting,44.96
21.84,82.36,16.18,Low,Rice,Fruiting,70.64
38.48,61.66,14.49,Moderate,Rice,Fruiting,52.52
23.46,50.74,3.74,Moderate,Sugarcane,Vegetative,31.24
32.38,52.29,5.9,Moderate,Cotton,Fruiting,25.74
25.6,46.86,3.99,High,Wheat,Harvest,36.07
39.79,79.1,7.18,High,Sugarcane,Flowering,39.3
30.05,59.42,3.6,Moderate,Cotton,Vegetative,28.17
36.21,54.05,16.17,Moderate,Cotton,Flowering,57.09
39.99,88.7,2.0,High,Wheat,Flowering,24.56
35.82,76.85,15.28,Low,Cotton,Fruiting,60.69
36.78,82.26,3.52,High,Maize,Flowering,34.62
20.56,75.03,18.95,High,Wheat,Harvest,83.92
36.73,80.52,19.41,High,Maize,Vegetative,66.32
21.81,51.63,4.38,High,Sugarcane,Seedling,35.98
32.28,80.32,6.82,Low,Maize,Seedling,46.63
31.73,85.86,15.49,High,Maize,Seedling,63.43
38.84,59.78,2.02,Moderate,Maize,Vegetative,32.92
34.65,61.84,12.79,Moderate,Maize,Vegetative,56.28
31.24,84.48,12.27,Moderate,Wheat,Harvest,66.38
27.57,76.7,5.89,Low,Rice,Harvest,51.18
39.89,88.26,0.65,High,Maize,Harvest,20.53
31.31,86.83,2.81,High,Rice,Vegetative,33.73
26.39,71.81,19.26,High,Maize,Fruiting,59.99
24.19,74.66,7.01,Low,Rice,Seedling,57.64
34.65,88.46,17.69,Moderate,Sugarcane,Flowering,68.47
22.03,63.97,17.28,High,Wheat,Vegetative,67.8
35.98,41.67,0.4,Moderate,Rice,Seedling,18.07
37.76,48.05,1.5,Low,Maize,Harvest,34.27
37.86,75.23,8.63,High,Wheat,Harvest,46.5
23.14,45.06,4.11,Low,Sugarcane,Harvest,46.6
34.6,53.26,5.63,Low,Rice,Seedling,39.97
30.99,64.55,1.09,Low,Sugarcane,Seedling,34.68
33.24,70.01,3.99,Low,Wheat,Vegetative,44.4
39.54,63.68,2.31,Moderate,Sugarcane,Fruiting,28.87
25.3,72.09,7.75,Moderate,Sugarcane,Flowering,43.42
20.89,61.99,5.27,Moderate,Cotton,Seedling,43.9
33.93,44.84,13.36,High,Sugarcane,Harvest,40.34
21.22,59.36,10.45,High,Sugarcane,Harvest,58.93
29.53,43.95,18.06,High,Rice,Harvest,59.43
30.34,68.57,19.66,Low,Rice,Fruiting,69.32
39.69,88.61,16.17,Low,Rice,Fruiting,58.66
33.66,50.1,16.45,Low,Cotton,Flowering,56.41
34.54,80.37,1.74,High,Sugarcane,Harvest,26.53
25.52,62.91,17.47,High,Cotton,Harvest,66.25
28.39,60.72,2.96,High,Cotton,Seedling,39.81
31.25,45.05,5.72,High,Maize,Fruiting,22.33
33.1,68.6,9.46,Low,Maize,Fruiting,44.21
32.17,74.68,0.78,Moderate,Wheat,Seedling,38.32
38.42,84.85,0.4,Moderate,Maize,Flowering,31.08
37.16,74.24,19.45,Low,Wheat,Flowering,77.92
28.86,81.29,5.39,Moderate,Cotton,Seedling,44.16
24.23,81.2,14.82,High,Maize,Seedling,68.82
23.18,55.56,10.14,Low,Cotton,Harvest,51.9
23.86,81.65,16.74,Low,Rice,Fruiting,70.04
27.21,49.96,7.37,Moderate,Cotton,Fruiting,41.6
22.48,41.53,7.45,High,Sugarcane,Vegetative,47.23
29.49,67.57,6.88,Moderate,Rice,Flowering,34.25
20.99,82.69,15.6,Low,Wheat,Vegetative,84.18
25.38,60.48,0.4,High,Rice,Fruiting,30.3
32.95,70.06,0.17,Moderate,Cotton,Flowering,28.44
34.19,53.77,17.91,Moderate,Sugarcane,Flowering,53.67
26.04,66.03,12.47,High,Rice,Seedling,57.6
33.25,82.16,7.48,High,Cotton,Harvest,40.03
33.69,64.09,6.73,Moderate,Maize,Flowering,33.26
34.22,84.62,5.98,Low,Cotton,Vegetative,56.56
36.11,80.12,12.0,High,Maize,Vegetative,54.09
33.11,89.87,5.19,Moderate,Sugarcane,Fruiting,45.68
31.66,89.74,16.32,Moderate,Wheat,Harvest,73.71
29.51,87.03,7.17,Moderate,Wheat,Harvest,47.17
21.95,46.4,5.17,High,Wheat,Flowering,35.2
24.45,51.17,17.43,Moderate,Maize,Flowering,60.31
25.88,82.56,9.41,High,Cotton,Harvest,60.87
21.42,84.47,10.01,High,Sugarcane,Harvest,56.0
21.08,82.71,2.75,Low,Maize,Fruiting,56.79
37.86,89.33,2.86,High,Wheat,Seedling,33.6
32.62,48.84,12.69,Low,Sugarcane,Flowering,46.82
35.47,68.81,3.17,Low,Wheat,Harvest,37.18
28.59,61.45,9.55,Low,Rice,Harvest,50.76
27.46,40.7,6.44,High,Wheat,Seedling,38.24
32.53,52.44,13.87,Moderate,Maize,Vegetative,47.87
30.07,55.31,1.31,Low,Maize,Flowering,29.71
30.41,66.21,8.67,High,Wheat,Flowering,47.55
29.8,77.51,3.3,Moderate,Rice,Vegetative,36.26
39.7,50.56,0.44,High,Wheat,Seedling,13.24
33.01,41.87,17.53,Moderate,Cotton,Harvest,51.5
39.89,73.1,13.07,Low,Rice,Seedling,58.44
27.61,67.36,9.49,Low,Wheat,Seedling,56.82
33.23,73.12,5.4,High,Wheat,Fruiting,37.52
22.1,75.94,2.35,Low,Rice,Fruiting,40.45
23.99,53.15,10.46,Low,Maize,Fruiting,51.49
20.79,64.82,4.15,Moderate,Maize,Vegetative,37.99
33.43,85.34,16.7,High,Sugarcane,Vegetative,71.79
35.59,43.75,14.47,Moderate,Wheat,Fruiting,54.31
25.92,63.21,2.0,Low,Rice,Flowering,35.39
33.54,61.3,2.32,Low,Rice,Vegetative,38.28
23.41,57.88,8.75,High,Maize,Seedling,46.85
26.85,45.69,8.01,Moderate,Maize,Fruiting,42.89
29.56,61.09,17.72,Low,Rice,Vegetative,75.8
21.17,87.12,3.19,Moderate,Cotton,Fruiting,51.05
33.57,49.06,7.6,Moderate,Cotton,Seedling,46.38
37.6,76.36,17.84,Moderate,Sugarcane,Seedling,74.28
28.81,43.17,13.1,Low,Cotton,Harvest,61.3
24.48,87.79,17.46,High,Cotton,Harvest,67.69
33.23,52.43,6.91,High,Sugarcane,Vegetative,38.77
31.17,89.39,1.09,High,Wheat,Harvest,38.86
37.04,83.47,1.5,Moderate,Maize,Vegetative,30.0
25.56,65.35,11.01,Moderate,Sugarcane,Vegetative,50.64
28.88,68.65,1.76,Moderate,Sugarcane,Flowering,25.26
29.95,72.67,2.05,Moderate,Rice,Harvest,37.14
36.52,79.59,19.26,High,Maize,Harvest,67.03
33.09,62.81,6.82,Low,Wheat,Fruiting,39.69
35.35,70.0,14.33,Moderate,Sugarcane,Seedling,53.8
33.18,40.11,7.1,High,Maize,Harvest,30.46
34.04,42.29,3.28,Low,Sugarcane,Seedling,29.74
23.92,46.04,17.04,Low,Sugarcane,Vegetative,74.63
22.16,60.72,18.53,High,Cotton,Seedling,76.61
29.01,72.92,19.12,Low,Sugarcane,Seedling,82.22
20.97,86.77,16.78,Moderate,Cotton,Vegetative,83.24
23.47,80.76,2.07,High,Cotton,Harvest,45.13
30.08,59.23,19.59,High,Wheat,Flowering,60.17
26.86,54.71,16.1,Low,Sugarcane,Harvest,72.55
34.97,54.95,14.03,Moderate,Cotton,Vegetative,48.59
32.48,54.53,6.91,High,Wheat,Vegetative,34.64
33.89,56.12,2.31,Moderate,Cotton,Fruiting,26.13
38.85,75.51,13.48,High,Maize,Fruiting,51.16
30.45,41.26,2.91,High,Rice,Vegetative,19.69
35.71,89.18,13.67,Low,Rice,Flowering,58.52
30.82,57.93,9.05,High,Cotton,Vegetative,45.51
31.23,51.88,15.69,High,Maize,Seedling,62.92
27.75,87.84,19.52,Moderate,Cotton,Seedling,75.3
25.03,71.03,15.62,Moderate,Wheat,Flowering,69.73
30.93,70.17,15.52,Low,Maize,Fruiting,60.29
33.65,49.35,3.48,High,Rice,Fruiting,13.19
25.58,53.21,3.22,Moderate,Rice,Flowering,32.04
38.75,42.0,18.57,High,Rice,Harvest,56.94
26.02,79.5,11.0,Low,Maize,Harvest,61.75
23.68,43.41,10.1,Moderate,Cotton,Harvest,48.75
26.99,84.17,13.27,Moderate,Maize,Flowering,58.35
35.05,66.52,19.93,High,Rice,Seedling,69.47
28.91,85.22,12.27,High,Wheat,Seedling,63.35
26.42,85.8,18.9,Moderate,Maize,Harvest,83.77
20.49,65.84,15.41,High,Cotton,Fruiting,62.05
25.93,72.58,6.41,Low,Rice,Vegetative,61.68
35.47,66.66,12.54,Low,Wheat,Fruiting,59.58
24.11,81.44,17.57,High,Sugarcane,Seedling,78.75
23.08,62.96,6.63,Low,Rice,Seedling,50.86
25.04,43.52,16.43,Moderate,Sugarcane,Fruiting,58.39
28.09,55.82,7.79,Low,Cotton,Seedling,54.67
32.37,77.8,11.71,High,Rice,Flowering,55.05
22.12,79.34,6.03,Low,Maize,Fruiting,52.47
36.44,41.54,3.13,Low,Wheat,Fruiting,29.94
36.99,54.75,12.68,Moderate,Maize,Seedling,51.59
31.1,46.16,0.1,High,Sugarcane,Harvest,18.95
21.7,50.5,14.83,High,Maize,Vegetative,58.02
32.92,65.63,3.22,Low,Cotton,Flowering,30.55
23.63,79.98,17.05,High,Sugarcane,Harvest,64.77
33.43,52.53,3.95,High,Sugarcane,Flowering,20.42
33.43,51.73,5.7,Low,Wheat,Flowering,36.09
26.57,72.97,13.87,Low,Cotton,Harvest,67.98
26.33,61.42,0.1,Low,Wheat,Fruiting,29.01
27.19,73.98,6.63,Moderate,Sugarcane,Fruiting,42.77
26.11,67.58,3.52,High,Rice,Flowering,37.87
22.8,66.93,5.26,High,Rice,Seedling,50.68
36.99,71.58,16.25,High,Sugarcane,Harvest,52.04
20.73,53.03,17.88,High,Sugarcane,Vegetative,65.51
24.47,78.61,14.66,Moderate,Wheat,Fruiting,66.28
21.81,58.19,0.21,Low,Cotton,Vegetative,43.59
22.81,47.96,11.33,High,Wheat,Fruiting,53.09
20.81,78.07,4.63,Moderate,Maize,Vegetative,43.64
24.14,85.39,7.23,Moderate,Sugarcane,Seedling,50.85
32.97,45.16,19.37,High,Maize,Flowering,56.04
31.4,58.83,7.57,High,Rice,Harvest,34.21
39.45,51.14,8.12,Moderate,Sugarcane,Fruiting,37.84
20.13,84.1,8.8,Low,Rice,Harvest,69.78
24.23,49.35,7.24,High,Rice,Vegetative,38.98
26.6,45.67,13.5,Moderate,Wheat,Harvest,50.7
36.67,41.12,0.86,High,Cotton,Vegetative,10.0
30.25,84.54,2.94,Low,Maize,Vegetative,46.9
28.11,88.46,12.75,High,Maize,Seedling,58.57
32.13,63.57,9.63,Low,Sugarcane,Harvest,47.84
31.65,78.37,12.46,High,Maize,Vegetative,58.19
26.85,62.67,11.81,Low,Sugarcane,Fruiting,52.42
20.33,66.14,18.19,High,Sugarcane,Vegetative,74.28
23.55,85.08,12.0,High,Cotton,Seedling,57.58
33.19,85.1,10.79,Low,Sugarcane,Harvest,60.45
37.5,74.88,8.58,Moderate,Sugarcane,Flowering,42.76
34.83,78.08,13.93,Low,Sugarcane,Vegetative,61.28
35.32,85.5,1.68,High,Cotton,Fruiting,22.21
20.11,77.18,0.14,High,Rice,Harvest,28.49
33.09,74.39,6.32,Moderate,Rice,Vegetative,42.57
31.71,53.07,10.72,High,Maize,Harvest,39.55
33.61,77.75,8.26,High,Sugarcane,Vegetative,41.53
31.1,52.69,6.13,Moderate,Sugarcane,Vegetative,44.09
33.19,77.39,8.93,High,Wheat,Seedling,42.74
28.01,56.92,11.01,High,Rice,Vegetative,46.12
32.72,80.22,16.47,Moderate,Cotton,Fruiting,57.53
25.26,58.54,12.18,High,Sugarcane,Fruiting,50.97
30.42,75.58,11.95,Low,Sugarcane,Fruiting,51.8
37.01,86.54,10.36,Low,Rice,Harvest,58.31
33.97,70.76,13.48,Moderate,Wheat,Seedling,67.32
21.74,53.8,7.99,High,Sugarcane,Fruiting,42.7
30.35,76.85,1.37,Low,Cotton,Flowering,40.41
31.18,69.15,6.95,Moderate,Wheat,Harvest,52.5
29.1,60.2,0.09,Low,Sugarcane,Harvest,27.68
21.45,54.71,18.94,High,Maize,Harvest,74.93
31.5,74.71,19.32,High,Sugarcane,Vegetative,72.84
39.22,62.94,9.21,High,Rice,Fruiting,26.63
21.35,71.68,19.88,High,Wheat,Flowering,71.76
27.06,66.78,14.02,Moderate,Wheat,Flowering,52.72
33.47,81.05,1.52,Low,Sugarcane,Flowering,33.54
37.89,53.45,18.94,High,Wheat,Fruiting,56.18
24.7,52.1,5.31,Low,Wheat,Vegetative,51.93
27.12,78.95,2.4,Low,Sugarcane,Harvest,38.37
37.14,87.9,16.96,Moderate,Cotton,Flowering,63.85
39.71,84.85,17.38,Moderate,Wheat,Harvest,62.41
24.44,68.83,1.08,Moderate,Sugarcane,Harvest,29.99
26.95,83.02,15.52,Moderate,Rice,Harvest,70.85
33.78,40.59,4.22,High,Rice,Flowering,17.22
37.24,49.36,5.26,Moderate,Sugarcane,Harvest,28.08
23.68,61.2,8.38,Moderate,Maize,Fruiting,44.33
23.6,46.56,11.52,Low,Rice,Flowering,60.3
31.11,82.82,3.92,High,Wheat,Fruiting,38.47
23.53,64.98,19.91,High,Cotton,Harvest,77.0
35.71,55.0,11.24,High,Rice,Fruiting,31.24
23.27,50.77,5.09,High,Rice,Fruiting,36.73
25.2,58.02,11.15,Moderate,Maize,Seedling,56.36
27.02,73.98,12.11,High,Cotton,Harvest,51.01
35.61,57.76,13.46,Moderate,Sugarcane,Seedling,52.55
25.73,71.59,2.9,Low,Maize,Fruiting,44.37
31.43,82.45,1.43,Low,Maize,Vegetative,38.75
33.06,75.52,12.11,Moderate,Maize,Fruiting,57.35
38.78,77.39,10.42,Moderate,Sugarcane,Vegetative,44.06
20.46,76.39,13.24,High,Rice,Vegetative,59.35
22.06,43.19,17.57,High,Rice,Seedling,69.3
30.48,89.8,2.08,High,Wheat,Seedling,40.61
37.71,55.47,4.95,Moderate,Sugarcane,Vegetative,25.46
36.77,41.43,13.27,Moderate,Sugarcane,Fruiting,49.81
30.81,53.62,8.9,High,Cotton,Vegetative,41.47
29.13,77.45,17.55,Moderate,Cotton,Harvest,69.5
26.94,66.98,16.09,Moderate,Maize,Flowering,62.54
23.11,40.53,10.47,Low,Maize,Flowering,51.21
20.17,86.1,18.94,Moderate,Maize,Seedling,90.0
35.96,69.85,15.94,High,Maize,Vegetative,54.84
31.21,59.74,3.27,High,Sugarcane,Fruiting,20.68
21.58,71.27,10.33,High,Maize,Flowering,54.22
30.64,53.44,3.76,Low,Wheat,Vegetative,35.43
32.74,70.89,5.44,High,Sugarcane,Vegetative,33.17
23.04,88.49,0.44,Low,Maize,Flowering,38.08
28.77,40.41,1.8,Low,Sugarcane,Vegetative,29.54
26.23,79.97,19.96,Moderate,Rice,Flowering,70.2
35.01,47.3,5.33,Moderate,Rice,Harvest,31.43
23.84,82.08,16.35,Low,Rice,Vegetative,78.68
39.5,52.36,19.89,Low,Sugarcane,Seedling,69.2
39.64,63.64,13.63,Moderate,Maize,Vegetative,53.43
20.84,86.87,10.42,Moderate,Sugarcane,Flowering,57.49
37.75,83.18,4.36,Low,Wheat,Fruiting,36.54
23.35,53.81,2.39,Low,Rice,Seedling,45.02
33.82,74.42,3.1,Low,Wheat,Vegetative,41.09
33.72,56.92,19.39,High,Rice,Seedling,61.45
23.08,66.82,2.15,Moderate,Wheat,Flowering,44.02
35.77,77.83,16.11,Moderate,Wheat,Seedling,69.2
27.16,46.74,17.97,Moderate,Sugarcane,Harvest,62.54
33.94,49.49,3.73,Moderate,Maize,Fruiting,22.31
36.63,85.72,11.09,Low,Cotton,Vegetative,59.0
36.39,67.08,9.08,High,Cotton,Fruiting,39.73
37.66,70.99,7.28,High,Wheat,Flowering,35.72
33.17,66.95,7.75,High,Sugarcane,Harvest,34.07
25.66,60.49,6.44,Low,Cotton,Seedling,45.49
38.76,48.93,0.63,Low,Sugarcane,Vegetative,17.64
31.42,81.81,13.16,High,Cotton,Harvest,53.45
27.33,70.3,1.42,Low,Sugarcane,Seedling,42.84
32.78,58.05,14.87,Moderate,Maize,Seedling,65.08
25.32,42.03,1.41,Moderate,Rice,Vegetative,36.82
21.94,76.26,10.63,Low,Wheat,Harvest,70.22
31.4,87.38,11.17,High,Sugarcane,Seedling,60.93
31.53,73.72,14.05,Moderate,Rice,Vegetative,66.48
31.0,65.23,13.15,High,Cotton,Fruiting,55.64
38.05,67.5,19.94,Moderate,Sugarcane,Fruiting,68.9
26.47,52.04,10.91,Moderate,Cotton,Flowering,46.2
29.05,87.99,0.0,Low,Maize,Harvest,34.42
22.7,84.52,0.13,Low,Wheat,Flowering,34.83
36.44,74.49,5.52,High,Cotton,Harvest,35.47
31.43,44.71,9.21,Low,Wheat,Flowering,41.4
31.64,51.65,16.22,Low,Cotton,Fruiting,61.97
24.35,43.86,6.49,Moderate,Wheat,Fruiting,43.17
33.79,68.81,18.15,High,Maize,Seedling,68.23
31.53,43.92,1.12,Moderate,Maize,Fruiting,19.08
37.36,83.49,4.53,High,Cotton,Seedling,38.27
32.64,42.71,10.49,Moderate,Cotton,Harvest,38.17
30.05,51.04,1.01,High,Sugarcane,Fruiting,22.54
31.51,44.5,8.64,Moderate,Wheat,Vegetative,38.53
29.52,77.27,10.96,Moderate,Rice,Fruiting,53.71
35.48,46.52,2.7,High,Wheat,Fruiting,14.84
31.43,68.06,19.94,High,Wheat,Vegetative,61.29
35.54,56.17,18.48,Low,Rice,Fruiting,62.85
26.97,56.04,11.88,Low,Maize,Vegetative,68.17
32.32,89.51,8.84,Low,Sugarcane,Seedling,68.23
24.67,74.27,3.12,High,Rice,Seedling,44.24
24.86,71.05,2.95,Moderate,Rice,Flowering,41.02
22.23,62.5,0.45,Low,Cotton,Vegetative,36.22
30.47,52.93,9.66,High,Wheat,Seedling,41.78
38.12,66.34,5.11,Low,Maize,Vegetative,44.28
32.36,42.65,13.1,Low,Rice,Fruiting,53.29
33.26,85.64,7.2,Low,Rice,Flowering,55.8
32.99,51.56,7.61,High,Rice,Flowering,30.57
31.94,44.4,3.98,Moderate,Cotton,Seedling,25.16
38.45,55.25,9.8,High,Wheat,Seedling,35.92
27.04,71.26,4.72,High,Maize,Seedling,43.14
37.57,84.52,16.3,Low,Cotton,Flowering,61.77
26.84,59.64,2.75,High,Sugarcane,Harvest,38.84
32.25,71.28,4.55,Low,Cotton,Vegetative,43.42
26.25,70.27,8.98,Low,Wheat,Vegetative,60.13
33.68,50.12,2.76,High,Cotton,Vegetative,22.05
38.18,78.5,13.12,High,Wheat,Flowering,39.96
30.66,75.97,3.68,Low,Rice,Flowering,47.44
28.28,60.56,8.86,High,Maize,Vegetative,48.5
22.14,49.24,15.25,High,Cotton,Flowering,57.3
32.25,69.82,4.62,Low,Maize,Seedling,49.32
29.53,65.12,12.09,High,Maize,Vegetative,57.14
29.83,46.88,3.87,Low,Sugarcane,Seedling,46.52
39.0,51.13,13.43,Low,Wheat,Seedling,49.52
39.09,61.96,12.34,High,Maize,Fruiting,45.67
28.55,78.81,12.16,Moderate,Maize,Fruiting,59.34
34.85,69.69,10.5,High,Rice,Harvest,38.88
29.14,83.89,17.56,Low,Cotton,Harvest,77.82
34.7,67.89,10.32,High,Rice,Vegetative,40.97
27.96,55.23,16.55,Moderate,Wheat,Fruiting,57.32
38.38,74.5,18.07,Moderate,Sugarcane,Seedling,70.96
22.26,78.94,18.76,High,Cotton,Vegetative,74.44
26.47,41.25,9.07,High,Wheat,Fruiting,29.6
26.48,72.43,14.23,Low,Rice,Seedling,66.68
28.99,58.15,10.48,Moderate,Cotton,Harvest,58.51
27.57,59.03,15.37,Moderate,Cotton,Vegetative,58.06
22.89,78.46,1.03,Moderate,Maize,Fruiting,34.11
23.61,84.93,19.21,Low,Cotton,Flowering,76.05
29.95,64.93,16.15,High,Sugarcane,Vegetative,55.52
33.19,62.69,8.84,High,Cotton,Seedling,38.62
30.95,70.99,11.15,Low,Rice,Vegetative,54.44
33.07,41.84,17.08,High,Cotton,Harvest,49.45
38.41,42.45,8.34,Low,Wheat,Flowering,37.13
33.83,69.75,15.75,Low,Sugarcane,Harvest,65.27
20.72,78.43,6.46,Moderate,Rice,Fruiting,56.66
21.3,63.54,2.44,Moderate,Maize,Harvest,40.01
24.2,50.45,1.16,High,Cotton,Seedling,29.07
33.77,86.69,19.73,Moderate,Sugarcane,Harvest,81.96
25.19,68.76,12.46,Low,Cotton,Harvest,66.83
34.58,64.89,16.16,High,Wheat,Flowering,60.02
20.03,41.2,12.51,Low,Wheat,Harvest,70.84
28.28,56.69,11.21,High,Wheat,Seedling,52.29
33.8,52.72,1.36,Moderate,Cotton,Harvest,22.95
20.12,74.29,6.83,High,Cotton,Harvest,57.58
36.64,49.7,16.68,High,Sugarcane,Fruiting,52.05
32.91,64.07,12.54,High,Maize,Fruiting,50.02
28.28,77.13,16.7,Moderate,Cotton,Flowering,68.14
20.37,68.87,6.63,Moderate,Rice,Vegetative,49.44
20.62,89.18,12.53,Low,Cotton,Harvest,75.06
31.9,83.23,15.03,High,Maize,Seedling,59.86
21.74,83.85,7.43,Moderate,Wheat,Harvest,54.95
22.24,79.25,15.56,Low,Sugarcane,Harvest,71.61
29.65,65.0,3.8,Moderate,Cotton,Flowering,38.55
22.87,83.59,16.44,High,Wheat,Vegetative,75.54
29.19,75.68,10.45,Low,Maize,Seedling,66.33
31.89,44.35,9.34,Low,Rice,Harvest,51.6
34.91,41.12,15.17,High,Wheat,Flowering,37.99
25.73,66.61,15.46,High,Rice,Flowering,52.8
25.47,40.76,12.46,High,Rice,Vegetative,48.94
30.99,53.55,18.87,Moderate,Cotton,Vegetative,61.53
26.23,84.61,10.81,Low,Wheat,Seedling,68.71
33.51,45.3,1.08,Moderate,Sugarcane,Vegetative,26.43
37.83,71.47,13.8,Moderate,Cotton,Flowering,48.54
36.35,75.64,13.42,High,Rice,Fruiting,49.22
21.86,80.12,13.97,Low,Sugarcane,Flowering,75.23
34.2,63.27,4.63,Low,Wheat,Harvest,36.94
27.27,49.17,18.35,Moderate,Maize,Fruiting,63.11
21.31,45.64,9.57,Low,Maize,Flowering,54.37
22.55,45.15,16.35,Low,Maize,Harvest,72.87
35.85,66.64,8.02,Moderate,Wheat,Harvest,38.86
23.18,64.12,1.32,Low,Cotton,Fruiting,43.15
28.71,79.37,10.89,Low,Wheat,Seedling,69.63
34.24,81.84,2.29,High,Sugarcane,Flowering,28.08
36.44,48.81,19.12,Low,Cotton,Seedling,71.52
31.93,80.99,6.55,High,Rice,Seedling,39.64
22.78,69.04,15.1,Low,Wheat,Vegetative,73.96
25.83,70.78,8.94,Low,Maize,Flowering,56.36
38.26,55.23,18.87,Moderate,Maize,Seedling,64.8
32.23,65.52,16.95,Moderate,Rice,Flowering,67.58
39.36,40.04,11.2,Moderate,Rice,Flowering,41.01
24.7,75.11,7.89,Moderate,Sugarcane,Fruiting,48.24
30.9,73.12,9.5,Low,Cotton,Fruiting,58.61
27.21,60.86,5.77,High,Wheat,Vegetative,30.37
32.97,47.2,17.7,High,Sugarcane,Vegetative,49.08
32.84,60.79,9.12,High,Cotton,Fruiting,39.0
29.09,61.21,16.4,Moderate,Maize,Vegetative,60.14
32.09,68.9,16.94,Low,Cotton,Flowering,65.84
30.92,58.35,19.56,High,Sugarcane,Flowering,54.61
29.63,74.52,2.84,High,Cotton,Flowering,29.34
21.56,84.5,1.77,Moderate,Rice,Harvest,50.77
26.25,42.64,6.87,Low,Sugarcane,Fruiting,42.11
29.38,76.69,8.42,Moderate,Maize,Vegetative,44.59
38.46,77.47,14.54,High,Maize,Seedling,57.53
31.56,68.64,13.13,Moderate,Cotton,Seedling,56.82
21.65,65.28,17.03,Moderate,Maize,Vegetative,75.58
25.5,52.85,14.83,High,Wheat,Harvest,60.9
33.18,58.49,3.51,High,Wheat,Fruiting,18.62
30.55,41.65,19.68,Low,Cotton,Vegetative,75.75
35.06,60.65,7.66,High,Sugarcane,Vegetative,31.37
34.69,57.25,12.85,Low,Rice,Vegetative,56.12
29.52,63.81,18.97,High,Wheat,Fruiting,65.2
27.8,53.13,10.61,Moderate,Rice,Flowering,53.88
28.98,73.92,19.24,High,Rice,Seedling,79.0
32.75,87.81,8.64,High,Maize,Flowering,40.48
36.05,52.77,11.68,Moderate,Wheat,Harvest,51.01
30.4,73.89,19.86,Moderate,Cotton,Seedling,80.3
36.63,40.6,1.95,Low,Sugarcane,Flowering,17.68
25.67,49.65,0.47,Low,Rice,Harvest,36.9
36.71,87.52,12.76,High,Rice,Seedling,61.66
22.6,72.82,18.0,High,Wheat,Seedling,77.5
25.07,63.35,18.72,High,Sugarcane,Flowering,69.44
33.84,73.38,15.4,Moderate,Wheat,Seedling,61.26
21.25,59.43,19.92,Moderate,Maize,Vegetative,77.7
29.83,86.43,12.21,Low,Sugarcane,Seedling,64.23
35.37,50.92,12.87,Moderate,Maize,Seedling,43.85
21.41,76.38,15.54,Low,Sugarcane,Vegetative,81.42
20.02,41.89,7.81,Low,Maize,Fruiting,49.93
30.31,87.0,9.81,Moderate,Sugarcane,Seedling,60.08
20.07,87.71,16.36,Moderate,Rice,Harvest,80.81
39.83,56.67,6.06,Low,Rice,Flowering,34.02
39.22,44.02,9.19,Moderate,Wheat,Vegetative,36.92
39.35,73.04,5.98,Moderate,Rice,Flowering,33.37
37.7,61.9,3.79,Low,Wheat,Seedling,41.26
31.86,64.46,1.26,High,Maize,Fruiting,22.17
36.69,62.47,19.92,Low,Maize,Seedling,71.62
34.42,60.28,4.23,High,Cotton,Fruiting,31.9
37.4,66.83,14.82,Low,Rice,Seedling,67.5
29.78,40.95,18.14,High,Rice,Vegetative,60.59
22.61,48.61,1.0,Moderate,Rice,Fruiting,30.47
36.71,43.2,16.35,Low,Sugarcane,Harvest,63.35
24.41,80.22,8.52,High,Sugarcane,Flowering,42.21
33.68,67.29,6.43,Low,Rice,Harvest,41.16
21.26,53.69,15.15,Low,Maize,Harvest,66.07
24.87,69.1,2.67,High,Cotton,Fruiting,36.15
20.31,64.35,0.13,Low,Rice,Harvest,48.53
28.32,80.37,15.45,High,Wheat,Vegetative,58.73
25.42,62.52,4.79,Low,Cotton,Seedling,51.5
34.34,70.6,1.76,Moderate,Maize,Fruiting,19.65
24.71,45.88,10.6,Low,Cotton,Flowering,58.12
39.74,65.38,9.28,High,Wheat,Flowering,26.09
22.25,47.46,16.88,Moderate,Sugarcane,Vegetative,62.13
38.45,42.7,7.28,Low,Sugarcane,Flowering,30.41
36.1,77.92,0.87,High,Rice,Harvest,20.22
35.71,64.25,2.32,Low,Sugarcane,Harvest,36.09
28.38,77.35,17.97,Low,Rice,Flowering,70.68
24.74,60.63,4.0,Low,Rice,Fruiting,43.56
21.09,61.79,4.32,High,Sugarcane,Vegetative,38.37
22.73,75.99,12.64,Moderate,Wheat,Flowering,56.46
33.84,42.98,2.73,Moderate,Sugarcane,Fruiting,16.57
26.87,84.32,12.07,High,Cotton,Vegetative,60.6
31.06,51.49,8.23,High,Sugarcane,Vegetative,39.17
36.74,53.96,14.6,High,Wheat,Vegetative,45.15
31.59,84.59,11.84,Low,Cotton,Seedling,65.84
20.88,89.56,14.67,High,Rice,Fruiting,67.94
29.59,79.9,16.43,Moderate,Sugarcane,Vegetative,63.77
35.06,74.66,8.13,Low,Wheat,Flowering,43.97
32.95,44.54,9.6,Moderate,Wheat,Fruiting,43.85
34.95,41.22,9.1,Low,Sugarcane,Vegetative,48.06
27.41,63.21,12.67,High,Rice,Fruiting,56.2
26.66,41.64,8.52,Moderate,Cotton,Harvest,45.11
24.14,74.23,12.41,Moderate,Rice,Harvest,71.38
33.49,84.4,2.22,Moderate,Sugarcane,Harvest,30.07
27.33,72.41,14.1,High,Wheat,Vegetative,67.58
24.77,45.68,9.57,High,Wheat,Vegetative,41.07
37.96,65.18,8.46,Low,Rice,Flowering,40.32
29.72,66.33,2.45,High,Cotton,Harvest,36.9
29.04,58.41,13.47,High,Rice,Vegetative,59.2
29.16,44.01,17.96,Moderate,Rice,Seedling,60.02
22.24,47.4,3.01,Low,Cotton,Seedling,40.74
39.39,67.07,2.64,Moderate,Sugarcane,Fruiting,28.22
20.43,49.45,0.44,Low,Cotton,Flowering,33.05
26.86,72.3,6.53,High,Cotton,Harvest,42.69
26.08,46.6,15.79,Low,Maize,Vegetative,66.6
39.41,78.49,0.95,Moderate,Maize,Fruiting,31.41
32.37,48.04,10.71,Low,Wheat,Vegetative,45.66
22.34,89.69,11.49,Moderate,Maize,Flowering,59.26
31.25,41.73,6.34,Moderate,Wheat,Flowering,30.64
39.51,66.68,2.43,Low,Sugarcane,Fruiting,33.04
38.96,86.39,3.12,High,Cotton,Harvest,27.91
34.11,63.7,5.8,High,Wheat,Harvest,37.24
38.45,56.93,2.25,Moderate,Rice,Vegetative,28.12
22.34,41.24,12.35,Low,Sugarcane,Flowering,50.15
21.1,72.07,11.67,Low,Maize,Vegetative,61.78
30.77,62.27,13.43,Low,Cotton,Fruiting,53.72
26.36,70.25,18.87,High,Maize,Fruiting,60.87
37.08,58.48,7.46,Moderate,Maize,Flowering,31.22
28.91,68.05,4.31,Moderate,Sugarcane,Fruiting,33.39
36.11,88.52,8.48,Moderate,Wheat,Harvest,51.89
22.87,55.16,19.77,High,Maize,Seedling,79.68
31.81,58.79,0.13,High,Maize,Fruiting,12.27
29.24,68.4,18.3,Low,Wheat,Fruiting,69.02
29.81,81.14,6.04,High,Maize,Fruiting,39.73
29.27,41.34,0.05,Moderate,Maize,Fruiting,13.08
33.32,54.38,3.59,High,Wheat,Seedling,22.47
25.54,89.72,1.33,High,Maize,Harvest,38.1
28.72,52.9,13.72,High,Rice,Flowering,48.28
31.51,82.26,3.26,Low,Wheat,Flowering,41.02
33.87,57.87,1.06,Moderate,Sugarcane,Flowering,15.38
25.83,71.95,1.54,Low,Wheat,Seedling,46.89
23.34,56.13,6.32,High,Maize,Flowering,40.04
33.77,44.79,11.6,Low,Rice,Vegetative,51.23
27.46,64.24,6.81,Low,Rice,Vegetative,45.76
24.42,49.42,17.94,High,Cotton,Harvest,67.16
34.05,80.13,8.35,Low,Rice,Vegetative,60.94
29.59,55.58,7.25,Moderate,Cotton,Harvest,47.17
26.84,75.49,0.58,Low,Wheat,Vegetative,47.16
22.85,51.33,2.51,Low,Rice,Fruiting,40.69
35.68,43.89,15.49,Moderate,Rice,Vegetative,46.43
35.86,65.67,1.19,Low,Maize,Seedling,27.69
33.35,77.73,15.65,High,Wheat,Harvest,66.49
23.7,57.58,1.82,High,Maize,Harvest,28.88
23.21,65.03,14.57,Low,Cotton,Harvest,65.09
36.39,78.16,10.58,High,Wheat,Flowering,37.36
35.08,40.22,14.51,Low,Cotton,Fruiting,48.79
31.79,61.98,19.15,Low,Maize,Fruiting,69.08
30.29,60.38,15.23,Moderate,Rice,Fruiting,51.15
22.72,78.11,14.09,High,Rice,Seedling,64.5
22.31,54.18,12.01,Moderate,Sugarcane,Vegetative,59.69
25.81,82.77,3.78,Low,Sugarcane,Flowering,42.37
39.97,64.58,2.1,Moderate,Cotton,Seedling,21.93
27.9,74.75,19.55,High,Wheat,Seedling,71.93
23.98,50.01,16.88,Moderate,Rice,Vegetative,72.36
34.5,53.93,14.27,High,Cotton,Flowering,49.07
36.02,87.16,7.12,High,Cotton,Fruiting,45.8
30.23,47.37,9.09,Low,Maize,Fruiting,44.98
32.57,46.73,1.99,Low,Rice,Fruiting,30.19
39.44,59.13,13.58,Low,Maize,Harvest,57.03
35.2,73.05,10.4,Moderate,Sugarcane,Vegetative,47.33
29.96,65.24,10.85,High,Cotton,Seedling,57.72
20.63,61.52,18.3,Moderate,Sugarcane,Flowering,77.86
28.85,41.8,3.54,High,Maize,Vegetative,26.11
22.69,75.79,9.75,Low,Cotton,Fruiting,63.6
33.71,68.61,9.52,Low,Cotton,Seedling,53.82
29.89,88.54,12.34,Moderate,Maize,Flowering,52.78
31.81,46.41,7.33,High,Cotton,Seedling,39.84
32.5,59.03,8.56,Moderate,Sugarcane,Flowering,33.44
24.88,51.73,6.24,Low,Rice,Flowering,38.17
23.4,66.92,0.75,High,Sugarcane,Harvest,32.24
28.42,41.02,9.39,Low,Maize,Fruiting,46.35
26.45,44.89,9.77,High,Wheat,Flowering,38.75
36.23,73.37,3.33,Moderate,Maize,Fruiting,25.58
32.71,88.71,1.51,High,Wheat,Flowering,25.01
25.95,68.68,16.09,High,Rice,Harvest,57.76
26.74,43.36,16.02,Moderate,Sugarcane,Vegetative,58.42
21.53,81.19,10.09,Moderate,Sugarcane,Harvest,60.34
28.29,52.56,10.31,High,Cotton,Vegetative,50.91
32.56,65.81,3.73,Moderate,Wheat,Fruiting,28.19
32.76,80.45,17.06,Moderate,Cotton,Seedling,71.82
27.29,47.39,3.01,High,Maize,Fruiting,22.57
37.2,85.56,12.68,Moderate,Maize,Flowering,56.14
25.13,70.06,8.12,Low,Wheat,Vegetative,50.22
35.94,55.53,9.71,Moderate,Sugarcane,Seedling,40.5
25.45,41.46,15.79,Moderate,Cotton,Vegetative,63.12
20.84,76.12,15.64,Low,Rice,Flowering,77.2
37.34,85.03,8.14,Moderate,Rice,Fruiting,50.64
34.48,47.03,2.24,High,Cotton,Seedling,22.8
36.58,87.48,18.63,Moderate,Sugarcane,Seedling,69.78
22.45,80.33,6.59,High,Sugarcane,Vegetative,56.61
24.36,45.34,4.28,Moderate,Sugarcane,Fruiting,29.6
31.79,64.52,7.49,Low,Maize,Harvest,48.18
33.65,88.17,17.59,Low,Maize,Fruiting,76.68
36.43,41.05,19.34,High,Rice,Seedling,59.77
35.78,51.98,11.05,Moderate,Maize,Seedling,47.84
24.73,62.12,0.16,Moderate,Maize,Flowering,22.65
36.45,51.77,4.21,Low,Sugarcane,Flowering,36.7
35.33,60.31,0.68,Low,Sugarcane,Fruiting,30.12
38.53,56.64,8.45,Low,Wheat,Flowering,39.86
27.04,70.11,16.27,High,Maize,Fruiting,63.32
35.24,72.07,3.67,Moderate,Wheat,Seedling,35.91
32.57,55.69,1.64,Low,Wheat,Harvest,36.68
35.35,72.46,2.6,High,Sugarcane,Flowering,23.4
37.47,46.68,3.47,High,Maize,Flowering,11.84
28.29,49.09,17.53,High,Wheat,Seedling,68.83
38.46,72.36,12.53,Low,Sugarcane,Vegetative,53.69
37.04,42.49,12.36,High,Maize,Vegetative,32.73
27.36,87.36,2.35,High,Cotton,Fruiting,38.86
38.57,81.36,9.88,Low,Wheat,Vegetative,61.42
36.27,53.31,14.93,Moderate,Wheat,Fruiting,55.52
32.0,89.76,5.66,High,Wheat,Fruiting,33.67
35.85,41.44,19.52,Low,Cotton,Fruiting,68.21
27.39,74.21,9.16,Low,Sugarcane,Vegetative,65.45
39.49,59.88,4.24,Moderate,Sugarcane,Harvest,25.8
21.91,42.94,6.66,Low,Sugarcane,Flowering,52.95
38.79,88.36,11.96,High,Rice,Seedling,48.85
32.39,55.13,7.89,Moderate,Wheat,Harvest,34.64
23.59,48.49,9.86,Moderate,Sugarcane,Vegetative,44.8
34.21,61.65,5.21,Moderate,Rice,Vegetative,36.58
39.47,54.05,7.21,Moderate,Maize,Flowering,32.31
35.23,53.19,6.26,Low,Maize,Fruiting,40.76
23.03,82.65,13.15,Moderate,Rice,Vegetative,63.68
24.6,41.79,5.2,High,Sugarcane,Fruiting,23.15
37.9,64.75,8.83,High,Cotton,Fruiting,32.86
22.25,75.99,2.96,Moderate,Rice,Vegetative,51.4
23.61,48.41,10.17,Moderate,Cotton,Harvest,47.41
39.96,40.21,15.34,Low,Sugarcane,Seedling,50.78
29.96,44.72,6.57,Moderate,Rice,Fruiting,31.88
38.58,45.3,6.47,Low,Rice,Fruiting,37.25
33.19,62.7,19.1,High,Rice,Flowering,66.79
33.12,87.54,6.5,High,Cotton,Vegetative,38.45
20.97,72.18,6.46,Low,Rice,Harvest,65.32
27.63,59.94,3.56,Moderate,Rice,Seedling,45.35
23.26,78.97,5.7,High,Wheat,Seedling,45.4
36.02,76.79,18.43,High,Cotton,Vegetative,61.51
21.92,58.37,4.0,Moderate,Sugarcane,Fruiting,35.07
32.01,44.51,8.45,Moderate,Cotton,Vegetative,39.28
28.52,42.02,6.83,Moderate,Wheat,Vegetative,45.71
30.55,72.36,1.68,Moderate,Sugarcane,Seedling,43.48
29.55,47.43,2.56,Moderate,Wheat,Harvest,29.06
31.37,67.55,18.35,High,Rice,Harvest,63.34
21.89,73.04,11.37,Moderate,Maize,Flowering,60.78
35.37,40.81,14.81,Moderate,Wheat,Vegetative,56.02
20.91,60.81,14.09,Moderate,Cotton,Fruiting,66.63
29.0,80.39,6.83,Low,Wheat,Vegetative,48.19
39.64,52.97,13.47,Moderate,Cotton,Seedling,41.91
22.33,48.59,9.54,High,Sugarcane,Harvest,50.32
26.06,80.66,12.33,High,Sugarcane,Flowering,48.88
22.7,49.54,16.32,High,Wheat,Seedling,58.95
32.97,72.49,8.72,High,Cotton,Vegetative,36.93
35.39,47.41,8.44,Low,Wheat,Vegetative,47.3
28.91,64.25,0.39,Moderate,Cotton,Vegetative,26.23
31.39,81.69,1.02,Low,Rice,Fruiting,44.31
36.97,76.85,11.92,High,Maize,Seedling,50.5
29.72,69.55,12.23,High,Sugarcane,Vegetative,56.42
30.57,61.1,6.32,Low,Maize,Fruiting,49.0
22.34,71.13,12.92,Moderate,Sugarcane,Seedling,62.47
34.52,63.46,8.76,High,Wheat,Harvest,46.24
26.78,70.11,16.85,High,Sugarcane,Vegetative,71.81
34.46,59.52,8.34,High,Maize,Fruiting,38.43
36.89,71.09,5.65,High,Rice,Fruiting,23.31
23.99,70.29,2.02,Moderate,Sugarcane,Flowering,32.09
31.14,89.96,7.18,Moderate,Maize,Vegetative,46.67
37.19,65.17,16.14,Moderate,Sugarcane,Seedling,63.19
22.41,51.2,5.16,Moderate,Maize,Seedling,49.11
31.14,84.82,17.07,High,Cotton,Seedling,72.39
38.53,61.89,9.14,Low,Rice,Harvest,48.61
37.17,45.09,11.25,High,Rice,Vegetative,39.62
37.42,85.55,3.14,Moderate,Sugarcane,Harvest,36.61
37.41,47.71,7.27,Low,Rice,Vegetative,38.4
28.31,78.45,4.91,Moderate,Maize,Flowering,41.77
21.7,58.62,15.1,Moderate,Wheat,Vegetative,71.5
30.59,79.36,2.76,Moderate,Sugarcane,Fruiting,41.78
39.04,65.81,13.64,Low,Sugarcane,Vegetative,61.84
34.35,65.87,1.39,Moderate,Maize,Fruiting,33.05
23.29,43.07,15.18,High,Wheat,Harvest,49.61
32.63,75.67,13.21,High,Maize,Fruiting,49.09
33.62,67.68,6.09,High,Maize,Flowering,23.93
25.6,66.39,18.41,High,Sugarcane,Fruiting,67.24
37.75,71.22,12.36,Moderate,Maize,Fruiting,52.76
37.62,44.21,10.75,Moderate,Wheat,Harvest,48.69
25.68,44.64,11.04,High,Maize,Vegetative,38.51
37.81,67.0,5.17,Moderate,Sugarcane,Harvest,28.99
21.2,58.65,12.54,Moderate,Rice,Seedling,68.33
38.83,62.44,11.45,Low,Sugarcane,Flowering,55.59
36.11,89.45,11.31,High,Cotton,Harvest,47.57
25.98,73.35,16.3,High,Wheat,Fruiting,62.4
24.95,56.39,11.65,Moderate,Sugarcane,Seedling,52.93
28.51,60.6,1.84,Moderate,Wheat,Fruiting,24.86
21.56,73.84,8.06,High,Cotton,Fruiting,53.59
31.69,71.82,19.93,High,Sugarcane,Fruiting,70.22
22.89,46.36,14.22,Low,Cotton,Harvest,59.77
24.25,63.67,14.93,High,Maize,Seedling,65.17
28.17,46.04,11.44,Low,Cotton,Vegetative,49.33
26.1,58.72,5.88,Low,Wheat,Vegetative,53.21
28.44,86.84,6.1,Moderate,Wheat,Vegetative,55.83
29.78,46.12,6.97,Low,Sugarcane,Fruiting,41.51
31.32,85.01,15.63,Moderate,Cotton,Vegetative,73.02
30.1,63.05,9.0,Moderate,Wheat,Flowering,38.06
32.5,71.18,7.74,Moderate,Maize,Harvest,39.12
33.41,62.15,5.55,Low,Wheat,Seedling,46.28
35.92,75.37,11.22,Low,Cotton,Seedling,54.64
32.37,68.84,1.06,High,Cotton,Vegetative,30.1
30.05,40.93,13.17,High,Wheat,Seedling,44.61
24.12,81.48,16.78,High,Sugarcane,Seedling,77.97
32.14,60.09,0.9,Low,Maize,Fruiting,24.18
20.48,66.4,7.64,Low,Rice,Seedling,62.01
25.71,49.13,15.37,Low,Maize,Fruiting,65.84
21.18,88.06,3.63,High,Rice,Flowering,40.7
26.4,60.64,6.48,Moderate,Rice,Seedling,42.57
35.04,69.3,9.86,High,Sugarcane,Seedling,41.76
26.37,67.66,1.31,Low,Sugarcane,Vegetative,47.7
20.37,67.7,11.72,Low,Wheat,Harvest,71.22
22.51,68.41,8.92,High,Cotton,Vegetative,55.67
22.85,67.02,3.36,Low,Cotton,Fruiting,51.6
31.1,42.09,16.25,High,Maize,Vegetative,44.51
38.67,64.11,11.96,High,Sugarcane,Flowering,45.09
24.26,82.03,5.63,Low,Cotton,Harvest,49.71
21.79,74.92,16.61,High,Cotton,Flowering,72.64
24.22,65.24,16.04,High,Maize,Flowering,68.16
34.16,53.65,13.25,Moderate,Maize,Vegetative,51.27
31.99,40.79,13.84,High,Rice,Harvest,45.72
38.03,73.64,8.26,High,Sugarcane,Fruiting,35.45
35.75,72.45,1.55,Low,Sugarcane,Seedling,35.19
36.26,81.37,7.16,Low,Rice,Seedling,51.56
38.72,62.23,4.43,Low,Maize,Flowering,27.5
36.33,71.26,16.17,Low,Wheat,Fruiting,70.36
20.74,64.64,14.08,High,Wheat,Seedling,59.91
36.42,59.8,17.4,High,Cotton,Fruiting,46.81
23.88,76.94,13.44,High,Cotton,Vegetative,55.59
22.56,43.25,5.19,High,Wheat,Harvest,39.01
25.49,82.38,0.46,High,Cotton,Harvest,30.38
31.2,62.7,18.76,High,Rice,Flowering,59.04
39.9,53.7,13.6,Moderate,Sugarcane,Flowering,44.39
20.87,76.06,0.94,Moderate,Cotton,Fruiting,35.25
27.84,56.74,17.6,Low,Wheat,Fruiting,75.79
38.34,49.84,6.58,Low,Rice,Seedling,39.44
36.16,69.63,12.53,Moderate,Maize,Vegetative,47.25
24.77,57.04,1.09,Moderate,Cotton,Vegetative,40.79
35.51,70.98,15.28,High,Sugarcane,Harvest,49.5
39.49,85.84,7.55,High,Rice,Vegetative,32.76
36.05,42.74,12.21,Moderate,Rice,Seedling,49.69
31.19,54.75,7.63,Low,Cotton,Fruiting,38.99
31.99,72.99,0.21,Moderate,Sugarcane,Fruiting,32.85
32.38,56.98,18.75,Low,Sugarcane,Harvest,68.69
23.85,45.13,11.9,Low,Cotton,Vegetative,66.11
22.52,65.44,7.11,Moderate,Cotton,Fruiting,42.23
22.75,42.2,2.55,High,Sugarcane,Harvest,36.43
35.09,55.56,17.7,Low,Wheat,Fruiting,59.47
26.86,58.44,0.16,High,Wheat,Seedling,23.19
36.38,67.97,1.09,Moderate,Wheat,Vegetative,29.93
24.03,43.42,3.79,Moderate,Sugarcane,Harvest,39.22
37.04,68.3,6.71,Moderate,Sugarcane,Flowering,30.22
29.09,79.46,0.84,Low,Rice,Vegetative,44.51
29.33,50.66,9.61,Moderate,Sugarcane,Vegetative,45.28
36.52,40.34,0.2,Moderate,Rice,Harvest,11.17
25.81,49.72,11.71,Moderate,Rice,Seedling,51.22
25.68,50.95,5.24,Low,Maize,Harvest,41.2
23.92,48.8,5.24,Low,Rice,Vegetative,44.09
35.75,45.55,18.72,Moderate,Sugarcane,Vegetative,58.16
27.45,48.57,10.54,High,Sugarcane,Seedling,40.69
37.65,46.54,3.79,High,Sugarcane,Flowering,14.27
28.59,71.81,18.42,High,Cotton,Vegetative,73.87
25.88,47.43,4.94,High,Maize,Vegetative,39.02
39.37,84.29,4.18,Low,Sugarcane,Harvest,35.02
30.17,77.57,12.9,High,Maize,Fruiting,52.82
23.58,75.62,10.51,Moderate,Sugarcane,Fruiting,53.24
28.02,86.06,11.68,Low,Wheat,Vegetative,74.42
29.04,51.72,4.37,Moderate,Sugarcane,Harvest,30.41
36.85,52.73,1.7,Low,Maize,Fruiting,25.38
24.6,42.06,10.25,Moderate,Sugarcane,Fruiting,44.97
28.18,80.23,6.34,Moderate,Rice,Vegetative,48.54
25.31,43.79,18.03,Moderate,Cotton,Harvest,67.3
21.56,53.82,4.55,Low,Rice,Flowering,36.52
24.01,49.83,6.58,Moderate,Maize,Vegetative,47.51
39.96,89.92,15.05,High,Cotton,Flowering,45.25
25.99,81.12,15.66,Moderate,Sugarcane,Harvest,76.12
20.24,72.7,19.79,Low,Sugarcane,Vegetative,83.79
34.98,63.72,10.32,High,Sugarcane,Fruiting,36.29
21.72,82.29,8.58,High,Sugarcane,Vegetative,54.21
37.06,41.51,2.78,Low,Maize,Seedling,29.92
33.18,57.73,4.51,Moderate,Sugarcane,Harvest,31.49
31.74,68.38,0.64,Low,Wheat,Flowering,32.62
35.98,85.69,11.48,Moderate,Sugarcane,Vegetative,63.36
21.27,59.32,9.5,Moderate,Cotton,Fruiting,53.9
26.09,48.57,13.5,Low,Rice,Harvest,62.22
23.73,43.47,19.26,Moderate,Wheat,Vegetative,67.09
30.49,62.73,7.37,Low,Wheat,Flowering,51.4
28.22,47.85,2.21,High,Sugarcane,Fruiting,25.53
27.78,85.18,4.13,Low,Maize,Fruiting,52.5
33.3,47.94,11.5,Moderate,Cotton,Vegetative,47.08
33.7,53.77,0.15,Low,Sugarcane,Seedling,35.69
32.1,52.34,6.58,High,Sugarcane,Fruiting,28.9
20.78,44.56,12.93,Moderate,Maize,Flowering,53.45
36.47,82.49,8.3,Low,Cotton,Fruiting,48.16
38.22,49.17,11.37,Moderate,Rice,Vegetative,49.36
23.16,84.13,10.75,High,Rice,Vegetative,65.9
28.23,78.09,2.42,Moderate,Rice,Seedling,42.24
35.59,60.5,3.3,Low,Cotton,Seedling,37.33
21.46,74.72,14.99,Moderate,Maize,Fruiting,73.92
27.93,40.54,2.29,Low,Maize,Fruiting,29.61
21.36,67.42,4.85,Moderate,Wheat,Fruiting,48.93
36.83,48.53,0.36,Low,Wheat,Flowering,14.87
34.83,48.42,13.43,Low,Maize,Vegetative,54.26
23.56,75.72,17.85,High,Wheat,Fruiting,71.29
36.73,80.58,12.82,High,Rice,Fruiting,51.04
28.88,69.91,0.97,Moderate,Wheat,Vegetative,32.0
24.77,44.57,8.43,Low,Maize,Vegetative,53.98
21.26,87.94,1.93,High,Wheat,Vegetative,35.32
30.25,80.78,6.45,High,Wheat,Harvest,38.54
30.83,86.95,2.42,Low,Rice,Flowering,38.92
20.3,72.7,0.24,Low,Sugarcane,Vegetative,38.15
36.3,72.5,7.38,Low,Wheat,Fruiting,40.77
31.98,89.16,2.04,High,Cotton,Vegetative,30.68
21.89,56.22,12.62,Moderate,Wheat,Flowering,51.92
35.23,74.38,19.56,High,Sugarcane,Seedling,65.52
32.17,69.25,7.65,High,Wheat,Harvest,42.27
39.77,51.63,12.33,Low,Maize,Vegetative,53.61
35.14,70.99,1.2,Moderate,Sugarcane,Flowering,21.06
27.51,72.1,4.76,High,Cotton,Fruiting,38.92
26.57,53.91,12.87,Low,Cotton,Fruiting,60.6
25.77,41.18,16.94,Moderate,Maize,Vegetative,58.3
21.08,85.88,19.77,High,Wheat,Harvest,87.36
30.43,49.18,12.6,Low,Sugarcane,Seedling,66.39
21.04,89.6,18.77,Low,Rice,Vegetative,90.0
36.62,86.59,4.73,Low,Sugarcane,Fruiting,39.07
34.43,52.25,3.53,Low,Maize,Flowering,32.12
39.35,50.07,17.25,Moderate,Rice,Flowering,49.86
23.36,62.07,10.11,High,Sugarcane,Vegetative,56.29
35.87,40.99,7.63,Low,Maize,Harvest,39.98
31.06,48.78,7.61,Moderate,Sugarcane,Flowering,34.53
32.12,43.6,2.73,Moderate,Wheat,Vegetative,34.05
20.08,83.08,14.61,Moderate,Sugarcane,Fruiting,77.81
38.81,88.52,7.46,Moderate,Maize,Harvest,39.06
37.7,89.62,2.49,High,Wheat,Vegetative,35.41
39.14,78.56,15.03,Moderate,Cotton,Fruiting,57.48
27.36,42.89,7.71,Moderate,Wheat,Vegetative,41.58
38.43,58.07,14.13,Low,Wheat,Flowering,54.45
38.89,47.37,4.95,High,Wheat,Seedling,18.86
21.85,75.58,7.69,High,Cotton,Seedling,53.41
23.78,61.15,16.59,Moderate,Maize,Harvest,77.3
33.17,59.14,6.16,Moderate,Rice,Seedling,42.94
35.53,57.22,2.85,High,Wheat,Fruiting,23.2
20.13,48.42,9.83,Low,Rice,Fruiting,55.45
33.09,76.65,3.41,Moderate,Wheat,Vegetative,33.19
23.64,87.42,9.01,Low,Wheat,Vegetative,59.08
23.65,77.96,5.19,Moderate,Sugarcane,Harvest,43.63
32.73,43.99,1.71,Low,Maize,Seedling,29.25
31.71,63.89,13.46,Low,Rice,Seedling,60.67
39.1,73.27,15.78,Low,Rice,Vegetative,64.77
20.15,70.15,19.74,Moderate,Sugarcane,Fruiting,82.46
32.09,56.83,13.64,Moderate,Maize,Vegetative,62.44
33.3,58.92,1.14,Moderate,Maize,Seedling,21.59
37.41,60.09,16.71,Low,Rice,Harvest,57.83
30.61,87.55,15.03,Low,Maize,Fruiting,71.74
33.18,63.76,8.26,Low,Rice,Flowering,38.02
27.2,42.29,16.15,Moderate,Sugarcane,Vegetative,62.17
28.0,70.63,1.63,Moderate,Sugarcane,Seedling,42.12
25.88,49.75,2.86,High,Cotton,Harvest,22.02
29.96,44.35,16.65,High,Sugarcane,Vegetative,61.31
39.1,64.11,10.81,Low,Wheat,Vegetative,54.79
33.19,44.47,8.7,High,Rice,Vegetative,41.79
26.53,59.17,5.61,High,Maize,Fruiting,41.09
33.41,73.27,18.45,High,Sugarcane,Seedling,71.57
26.66,51.19,11.52,High,Rice,Flowering,42.41
34.35,76.8,7.63,High,Cotton,Fruiting,42.28
24.47,45.78,1.75,Low,Maize,Harvest,44.0
34.89,45.81,7.35,Moderate,Sugarcane,Harvest,39.79
26.22,69.5,3.8,Moderate,Sugarcane,Flowering,42.57
35.95,86.7,2.53,High,Cotton,Harvest,27.37
27.91,66.91,9.21,Low,Maize,Vegetative,57.0
29.12,70.07,2.92,High,Rice,Harvest,30.27
30.05,74.43,5.47,High,Cotton,Fruiting,37.42
24.31,54.57,19.33,Low,Maize,Vegetative,83.7
24.21,76.63,16.21,High,Rice,Vegetative,73.99
34.55,54.96,16.3,Low,Rice,Harvest,61.98
28.45,63.67,6.97,Moderate,Sugarcane,Seedling,48.12
25.66,74.82,3.9,High,Sugarcane,Seedling,35.59
35.05,69.02,16.1,High,Maize,Fruiting,55.56
31.54,62.09,9.65,Low,Wheat,Vegetative,58.49
23.91,72.56,7.24,High,Rice,Vegetative,45.59
39.65,73.97,3.36,Low,Rice,Flowering,40.45
23.59,42.62,19.61,High,Maize,Harvest,65.0
22.97,76.13,4.9,Low,Wheat,Fruiting,50.06
33.76,87.73,13.06,Moderate,Rice,Fruiting,63.88
33.01,53.76,13.06,Moderate,Rice,Seedling,48.32
22.44,72.07,18.17,Low,Rice,Harvest,83.81
31.45,53.69,14.91,High,Wheat,Fruiting,48.5
32.89,61.68,11.43,Low,Maize,Seedling,61.76
37.24,66.88,8.11,High,Rice,Fruiting,34.01
30.73,80.61,9.77,High,Cotton,Harvest,53.51
35.8,46.2,15.06,High,Rice,Vegetative,53.14
33.9,40.27,8.94,Moderate,Rice,Seedling,34.69
24.12,48.06,11.25,Low,Rice,Seedling,60.97
27.27,67.22,8.46,High,Rice,Vegetative,42.77
38.92,65.97,15.66,High,Cotton,Fruiting,42.34
29.81,55.65,18.22,Moderate,Cotton,Harvest,67.1
33.76,73.13,0.89,Low,Wheat,Vegetative,32.68
36.65,87.87,12.04,Low,Cotton,Flowering,54.97
34.58,61.1,11.0,Moderate,Sugarcane,Vegetative,47.27
21.67,52.71,8.51,High,Wheat,Harvest,41.46
32.59,53.47,12.66,High,Wheat,Flowering,43.84
32.96,65.57,3.28,Low,Maize,Fruiting,33.58
39.28,52.37,5.4,High,Rice,Harvest,23.68
26.59,44.45,18.18,Moderate,Wheat,Vegetative,62.44
21.96,88.97,4.44,Low,Rice,Vegetative,58.31
37.51,69.44,16.14,Low,Cotton,Flowering,64.54
37.31,67.58,12.15,Low,Wheat,Flowering,59.3
27.79,57.26,14.83,High,Cotton,Harvest,62.68
28.05,69.62,5.18,High,Cotton,Vegetative,41.36
22.85,68.38,5.35,High,Maize,Vegetative,45.86
28.36,62.89,8.78,Moderate,Sugarcane,Harvest,46.08
39.05,66.03,14.37,Low,Maize,Seedling,68.34
28.13,55.64,1.8,Low,Rice,Vegetative,44.27
23.3,42.87,14.87,High,Sugarcane,Seedling,65.33
28.48,65.43,14.62,Moderate,Sugarcane,Harvest,65.97
33.54,66.62,2.49,Low,Cotton,Vegetative,44.21
34.92,75.71,14.05,High,Maize,Vegetative,62.59
33.22,86.02,19.98,High,Cotton,Seedling,75.9
39.29,73.73,17.64,High,Wheat,Vegetative,51.7
36.79,65.68,19.05,Moderate,Sugarcane,Fruiting,56.91
39.39,56.9,13.58,High,Rice,Flowering,37.22
25.87,50.65,14.76,High,Sugarcane,Vegetative,62.74
38.58,87.96,10.31,Low,Sugarcane,Harvest,62.78
21.15,40.29,9.21,Moderate,Maize,Seedling,43.51
37.8,49.31,7.09,Low,Sugarcane,Fruiting,30.31
30.58,84.93,8.21,Moderate,Rice,Vegetative,57.39
25.0,63.53,7.49,Moderate,Sugarcane,Vegetative,50.12
25.39,89.47,13.13,Moderate,Wheat,Vegetative,67.07
28.68,57.96,17.41,Low,Rice,Vegetative,68.3
22.67,61.05,6.62,Low,Wheat,Vegetative,60.92
39.19,89.15,2.38,Moderate,Cotton,Fruiting,35.43
34.29,56.24,15.29,Moderate,Cotton,Fruiting,47.18
39.15,79.64,2.52,Moderate,Cotton,Seedling,38.39
24.73,73.92,6.84,High,Rice,Fruiting,42.12
25.64,44.13,8.58,High,Wheat,Harvest,35.59
25.62,45.75,5.27,High,Wheat,Fruiting,25.0
34.13,80.5,14.02,High,Cotton,Vegetative,51.71
37.1,71.45,2.97,Low,Wheat,Fruiting,25.9
39.81,86.45,8.53,High,Wheat,Seedling,49.68
27.61,66.25,14.0,Low,Wheat,Flowering,62.4
21.23,61.35,1.03,Low,Maize,Flowering,35.18
27.02,60.9,6.4,Low,Wheat,Seedling,43.74
33.21,56.08,5.71,Moderate,Cotton,Seedling,37.71
25.05,64.56,6.69,Low,Rice,Seedling,57.97
35.41,46.52,7.21,Moderate,Cotton,Harvest,37.17
24.77,53.8,11.69,Low,Rice,Vegetative,63.11
32.04,42.05,19.37,High,Wheat,Vegetative,61.87
38.51,43.74,10.93,Moderate,Maize,Fruiting,44.19
24.04,76.04,0.88,Low,Sugarcane,Harvest,47.9
37.83,77.97,16.92,High,Maize,Flowering,54.53
34.35,85.54,1.35,Moderate,Cotton,Harvest,39.81
23.34,53.71,19.35,Moderate,Rice,Harvest,66.98
39.45,49.51,16.29,Moderate,Cotton,Harvest,60.68
23.31,77.54,7.68,Moderate,Sugarcane,Harvest,51.85
23.68,48.0,4.36,High,Rice,Harvest,33.34
34.16,66.25,6.07,Low,Maize,Flowering,41.74
23.42,42.28,4.76,Low,Wheat,Flowering,46.26
25.41,79.53,12.85,Low,Wheat,Harvest,64.66
32.97,71.63,19.44,Moderate,Rice,Harvest,68.11
22.67,84.92,5.9,Low,Rice,Flowering,50.83
39.3,48.84,19.43,High,Cotton,Seedling,60.52
33.76,87.28,5.15,High,Cotton,Harvest,34.8
28.84,56.21,4.08,High,Sugarcane,Vegetative,30.9
34.6,61.7,2.97,Moderate,Rice,Fruiting,22.27
23.7,83.12,3.78,Moderate,Wheat,Flowering,36.63
23.26,48.89,7.88,High,Wheat,Seedling,38.69
28.53,62.75,12.9,Moderate,Rice,Harvest,52.58
35.01,40.59,1.99,Moderate,Rice,Seedling,29.77
35.27,72.22,0.87,Low,Rice,Flowering,24.65
32.55,40.67,19.33,Low,Cotton,Flowering,69.33
21.7,46.96,15.19,Moderate,Wheat,Flowering,57.45
23.09,42.79,13.84,High,Cotton,Seedling,48.15
20.89,67.23,2.05,Moderate,Wheat,Seedling,50.56
20.48,61.36,2.95,High,Maize,Vegetative,44.26
33.69,74.34,14.3,Low,Sugarcane,Vegetative,73.66
24.49,87.82,5.64,Low,Cotton,Flowering,48.06
38.47,85.99,17.91,High,Wheat,Vegetative,62.28
26.7,49.07,8.5,High,Maize,Harvest,46.14
26.97,45.2,18.32,High,Maize,Flowering,62.26
34.23,43.82,0.04,Low,Wheat,Flowering,15.21
28.93,79.84,19.53,Low,Rice,Harvest,81.61
34.53,47.23,6.46,Low,Wheat,Fruiting,33.4
29.88,64.06,19.46,High,Maize,Vegetative,71.96
33.08,52.3,8.37,Moderate,Cotton,Harvest,41.52
30.72,51.51,1.67,High,Sugarcane,Harvest,24.8
33.87,77.41,14.06,Low,Maize,Seedling,63.31
37.01,58.12,9.48,Low,Rice,Seedling,56.27
27.22,82.47,15.57,Low,Maize,Fruiting,66.53
37.07,88.59,18.26,Low,Wheat,Vegetative,68.99
22.76,88.1,14.08,Moderate,Rice,Fruiting,67.14
34.03,73.14,1.48,High,Wheat,Seedling,23.32
22.83,52.25,0.25,Moderate,Wheat,Vegetative,31.48
22.8,66.37,18.98,Moderate,Sugarcane,Flowering,72.53
32.9,40.66,2.23,Low,Rice,Harvest,33.8
30.07,40.54,16.65,High,Sugarcane,Harvest,57.12
25.16,68.6,6.12,Low,Sugarcane,Vegetative,49.27
21.84,58.88,19.02,High,Wheat,Fruiting,68.94
24.38,49.18,14.92,High,Cotton,Seedling,64.14
29.37,55.66,12.84,Moderate,Wheat,Seedling,62.3
32.93,49.74,2.17,Low,Maize,Harvest,36.81
26.71,51.98,3.26,Low,Rice,Vegetative,41.95
35.13,55.46,11.03,High,Rice,Vegetative,38.11
39.53,68.24,11.27,Moderate,Rice,Seedling,46.68
38.87,40.42,7.13,Moderate,Sugarcane,Harvest,25.83
35.04,76.28,19.48,High,Rice,Flowering,61.22
34.83,45.05,16.15,Low,Rice,Harvest,64.92
29.54,83.44,0.75,Low,Wheat,Fruiting,31.31
32.52,87.64,4.63,Low,Wheat,Vegetative,57.36
30.03,89.61,12.17,High,Maize,Fruiting,59.2
26.78,58.02,17.12,Moderate,Rice,Fruiting,59.47
39.94,70.34,19.16,High,Sugarcane,Seedling,67.18
22.85,83.52,10.94,Low,Sugarcane,Seedling,71.12
23.39,54.78,1.36,High,Maize,Flowering,19.14
23.58,78.6,5.16,Moderate,Maize,Fruiting,48.47
22.81,46.2,11.37,Low,Maize,Flowering,54.04
37.14,85.86,2.58,Moderate,Cotton,Harvest,42.95
27.47,74.11,10.12,Moderate,Rice,Harvest,64.16
21.14,79.53,13.99,High,Rice,Vegetative,72.37
25.81,47.91,7.99,Low,Wheat,Fruiting,52.29
33.38,57.45,9.37,High,Sugarcane,Seedling,35.52
34.64,85.87,18.45,Moderate,Wheat,Fruiting,65.9
26.35,89.82,9.73,High,Sugarcane,Seedling,54.73
20.77,47.79,9.4,High,Wheat,Flowering,44.49
39.76,78.71,1.25,Moderate,Sugarcane,Fruiting,19.97
24.23,41.15,15.17,Moderate,Maize,Flowering,58.51
21.67,43.46,8.1,Moderate,Sugarcane,Fruiting,43.92
33.39,52.97,16.61,Low,Sugarcane,Flowering,68.13
25.94,49.93,18.84,Moderate,Sugarcane,Harvest,72.7
23.21,74.83,7.09,High,Cotton,Fruiting,49.65
31.22,84.69,3.97,High,Cotton,Harvest,32.48
33.28,81.18,14.69,High,Maize,Seedling,55.46
29.17,47.37,17.29,Low,Sugarcane,Flowering,64.24
20.07,62.53,16.65,Low,Sugarcane,Harvest,71.89
24.37,88.95,8.4,High,Wheat,Harvest,52.71
26.96,87.62,19.43,High,Rice,Flowering,77.48
20.32,84.83,10.04,Low,Sugarcane,Fruiting,64.91
27.03,81.41,8.52,Moderate,Rice,Vegetative,54.88
27.46,67.64,3.25,Moderate,Sugarcane,Flowering,41.0
33.77,61.87,5.66,High,Rice,Seedling,39.89
22.08,72.48,12.33,Moderate,Rice,Fruiting,65.21
32.48,67.24,12.67,High,Cotton,Seedling,55.75
37.03,50.59,15.54,High,Sugarcane,Seedling,45.87
29.39,46.22,19.35,Moderate,Sugarcane,Fruiting,55.05
27.49,51.2,5.67,High,Maize,Flowering,36.26
35.9,60.74,4.83,Moderate,Rice,Seedling,28.55
35.81,82.04,10.38,High,Cotton,Flowering,41.16
39.18,89.64,4.84,Moderate,Wheat,Harvest,42.51
36.57,80.07,11.56,Low,Sugarcane,Vegetative,57.65
26.36,47.92,4.62,High,Wheat,Harvest,26.35
31.54,59.6,15.24,Moderate,Cotton,Vegetative,67.36
24.08,44.66,8.75,High,Cotton,Vegetative,34.83
34.15,86.03,1.58,Moderate,Rice,Vegetative,43.7
32.69,78.88,3.73,High,Wheat,Flowering,25.82
36.81,76.32,16.14,Moderate,Maize,Seedling,61.36
38.7,71.37,12.77,High,Rice,Seedling,48.89
31.92,45.35,5.65,Low,Rice,Seedling,41.41
27.23,81.92,7.82,Moderate,Rice,Fruiting,43.17
39.18,43.82,13.75,Moderate,Maize,Fruiting,46.99
23.6,40.51,3.57,High,Cotton,Seedling,26.0
26.86,57.34,19.9,High,Cotton,Seedling,65.03
34.83,86.33,3.86,Low,Cotton,Seedling,47.81
35.22,50.82,7.3,Low,Rice,Flowering,32.35
21.67,74.58,2.53,Moderate,Sugarcane,Vegetative,51.86
26.97,67.57,5.89,High,Sugarcane,Fruiting,36.86
28.0,49.65,3.46,High,Maize,Fruiting,18.75
35.86,69.38,3.31,Low,Sugarcane,Fruiting,40.53
28.47,77.35,16.32,High,Rice,Harvest,63.46
23.99,57.65,17.96,Low,Sugarcane,Vegetative,82.85
39.16,52.65,8.2,High,Cotton,Flowering,25.88
22.29,80.45,8.59,Low,Maize,Vegetative,57.36
33.14,58.6,15.59,Low,Rice,Flowering,63.38
34.34,50.69,11.35,Moderate,Wheat,Harvest,39.76
25.67,50.61,4.35,High,Maize,Harvest,40.36
36.15,73.57,11.48,High,Sugarcane,Fruiting,40.49
26.4,49.86,16.05,Moderate,Rice,Flowering,57.89
22.48,48.56,6.54,Moderate,Wheat,Harvest,37.31
20.36,79.17,11.52,Low,Sugarcane,Flowering,61.9
39.34,41.85,10.67,High,Rice,Flowering,31.87
21.39,44.76,16.05,High,Maize,Flowering,53.7
26.92,43.99,15.49,Moderate,Cotton,Seedling,60.03
33.93,62.73,16.97,Low,Maize,Harvest,61.65
24.48,81.27,2.77,Moderate,Sugarcane,Vegetative,39.61
23.82,85.11,7.38,High,Rice,Seedling,49.87
35.7,45.54,18.94,Low,Maize,Flowering,64.78
35.83,58.98,13.97,Low,Cotton,Fruiting,48.68
26.39,47.4,11.68,Moderate,Sugarcane,Seedling,55.15
24.81,63.9,9.8,Moderate,Maize,Fruiting,46.5
25.28,54.81,1.66,High,Wheat,Vegetative,31.99
21.5,64.73,4.25,High,Wheat,Fruiting,41.67
23.76,45.23,4.17,High,Cotton,Harvest,38.47
35.21,55.59,9.08,Low,Cotton,Seedling,56.11
24.38,58.18,19.5,High,Cotton,Vegetative,74.33
23.76,53.89,3.28,Moderate,Cotton,Seedling,34.73
37.52,77.25,4.81,Moderate,Wheat,Flowering,26.2
33.24,62.63,5.31,High,Rice,Flowering,27.78
23.01,65.11,10.16,Low,Sugarcane,Flowering,56.39
20.98,59.13,18.56,Low,Maize,Vegetative,79.23
31.88,66.48,9.87,Moderate,Rice,Seedling,54.5
39.18,50.98,1.06,Low,Cotton,Flowering,17.1
30.64,53.77,17.65,High,Sugarcane,Fruiting,53.74
24.4,81.2,13.83,Moderate,Wheat,Vegetative,73.84
26.95,54.4,11.93,High,Rice,Seedling,46.97
38.16,71.11,14.78,High,Wheat,Vegetative,49.36
21.39,49.37,18.0,Low,Rice,Fruiting,71.15
20.42,88.72,17.63,Low,Rice,Harvest,85.7
29.48,40.05,17.46,Moderate,Rice,Seedling,67.95
31.35,89.52,16.71,High,Cotton,Vegetative,71.62
35.51,45.0,16.08,Moderate,Sugarcane,Fruiting,54.23
39.8,52.87,9.73,Moderate,Sugarcane,Seedling,46.67
26.02,56.69,10.36,High,Cotton,Fruiting,37.79
33.72,76.41,0.41,Moderate,Wheat,Vegetative,28.56
20.62,68.88,13.92,Moderate,Maize,Vegetative,72.7
23.88,87.74,12.77,Moderate,Cotton,Fruiting,73.11
37.52,48.75,18.21,Moderate,Maize,Fruiting,56.1
38.91,53.81,3.81,High,Cotton,Flowering,23.74
22.46,79.77,11.33,Moderate,Maize,Seedling,74.4
29.98,74.28,9.33,Low,Cotton,Flowering,55.81
33.29,55.18,5.77,Moderate,Rice,Fruiting,25.27
25.66,69.65,1.06,Moderate,Rice,Fruiting,30.34
36.68,42.5,2.75,Moderate,Cotton,Harvest,17.94
21.72,53.53,19.92,Low,Sugarcane,Harvest,88.2
25.82,41.61,18.66,Low,Sugarcane,Fruiting,66.26
38.08,84.65,18.4,High,Maize,Vegetative,65.43
33.58,56.12,11.56,High,Wheat,Flowering,34.58
31.09,55.05,1.71,High,Sugarcane,Harvest,19.34
35.65,81.69,1.92,High,Sugarcane,Flowering,25.27
33.7,57.88,7.08,Moderate,Sugarcane,Fruiting,35.36
38.25,41.32,15.34,Low,Wheat,Harvest,61.05
35.73,69.02,7.46,High,Cotton,Harvest,43.58
21.07,82.26,2.52,High,Rice,Fruiting,43.29
37.5,63.01,1.09,Low,Maize,Seedling,29.64
21.95,54.53,9.63,Moderate,Rice,Seedling,59.83
33.49,76.97,1.06,Low,Cotton,Vegetative,38.62
39.35,46.82,17.9,High,Wheat,Flowering,49.0
34.38,86.83,16.11,High,Wheat,Seedling,58.06
23.06,83.99,10.4,Low,Wheat,Seedling,70.21
36.65,62.19,1.11,Low,Maize,Fruiting,26.52
23.68,51.75,16.95,Moderate,Cotton,Fruiting,69.62
32.34,61.62,12.72,Low,Wheat,Vegetative,54.33
34.83,67.33,9.52,Moderate,Maize,Seedling,56.62
29.86,73.38,7.82,High,Rice,Fruiting,39.0
28.5,41.4,9.14,High,Sugarcane,Seedling,42.02
20.68,72.52,13.14,Moderate,Rice,Flowering,71.52
29.36,76.15,5.54,Low,Maize,Harvest,56.24
30.06,57.44,14.12,Moderate,Cotton,Seedling,55.04
23.03,72.8,11.26,Moderate,Wheat,Flowering,62.75
33.17,86.17,1.36,High,Sugarcane,Fruiting,34.71
32.12,49.02,14.17,High,Cotton,Flowering,39.25
26.48,87.76,6.96,High,Sugarcane,Seedling,44.17
37.04,47.96,1.93,Low,Sugarcane,Fruiting,21.18
24.63,78.59,18.35,Low,Rice,Vegetative,86.89
27.68,88.67,18.45,Low,Cotton,Flowering,73.88
36.94,43.64,15.27,High,Rice,Vegetative,43.27
33.97,58.88,19.78,High,Cotton,Vegetative,58.14
29.82,73.94,4.51,High,Wheat,Fruiting,38.27
36.17,49.61,11.64,High,Rice,Vegetative,33.09
22.81,40.26,15.49,High,Cotton,Seedling,56.36
33.65,87.89,14.57,High,Sugarcane,Vegetative,65.82
31.41,63.69,7.04,High,Cotton,Vegetative,43.29
28.78,71.27,17.48,High,Rice,Vegetative,70.33
25.96,45.9,4.61,High,Cotton,Flowering,20.5
36.43,54.49,16.56,Moderate,Maize,Seedling,65.59
23.16,54.4,10.69,Low,Cotton,Harvest,60.31
27.98,42.83,13.95,Low,Cotton,Fruiting,63.15
39.7,72.66,0.65,Moderate,Maize,Vegetative,22.82
35.29,46.96,10.94,High,Maize,Seedling,36.69
21.46,87.4,18.09,High,Rice,Flowering,81.55
39.0,69.91,12.25,Low,Cotton,Fruiting,58.87
25.41,42.09,0.71,High,Wheat,Flowering,17.77
26.07,82.49,19.43,Low,Rice,Seedling,90.0
36.23,66.71,17.21,High,Rice,Harvest,57.61
27.74,58.86,2.5,High,Sugarcane,Harvest,24.17
28.76,84.86,19.65,Moderate,Maize,Vegetative,77.17
38.36,51.91,1.84,Low,Wheat,Fruiting,27.89
37.77,79.66,11.36,Low,Wheat,Seedling,52.9
22.53,49.03,0.87,Moderate,Cotton,Vegetative,40.57
22.59,59.89,13.15,High,Rice,Seedling,55.83
30.87,64.75,14.7,Moderate,Wheat,Fruiting,60.48
38.83,79.01,5.85,High,Wheat,Harvest,40.8
26.38,67.07,2.09,Moderate,Sugarcane,Harvest,37.39
21.57,85.6,16.83,High,Wheat,Flowering,74.32
24.22,58.62,16.33,Low,Rice,Vegetative,76.31
33.0,62.69,2.28,Moderate,Rice,Flowering,23.87
27.68,81.36,1.69,Moderate,Cotton,Fruiting,35.91
37.26,59.23,0.89,Low,Sugarcane,Vegetative,31.48
30.65,73.02,0.63,Moderate,Rice,Harvest,36.84
26.72,81.41,5.25,High,Wheat,Seedling,43.05
36.58,61.7,8.55,High,Rice,Seedling,39.91
39.05,86.62,5.75,High,Sugarcane,Fruiting,33.56
31.37,65.95,3.25,Moderate,Sugarcane,Vegetative,29.95
20.3,79.98,19.02,Low,Wheat,Harvest,85.33
31.42,41.93,5.49,Moderate,Maize,Harvest,25.72
26.14,73.04,16.72,Low,Sugarcane,Fruiting,65.06
20.18,41.85,7.17,High,Cotton,Vegetative,39.72
31.59,43.98,17.94,High,Maize,Seedling,57.44
25.16,79.34,5.19,Moderate,Wheat,Vegetative,51.18
22.94,70.9,0.99,Low,Rice,Vegetative,47.05
37.21,68.99,0.84,High,Wheat,Seedling,31.0
39.84,88.76,0.32,Moderate,Cotton,Seedling,33.07
26.99,43.87,8.88,High,Rice,Vegetative,35.37
31.41,81.46,13.62,Low,Sugarcane,Flowering,58.56
26.53,79.41,6.7,Moderate,Maize,Fruiting,54.42
25.88,41.56,7.37,Moderate,Wheat,Harvest,34.39
32.18,80.4,10.22,High,Cotton,Harvest,53.27
38.8,58.94,11.65,High,Wheat,Fruiting,41.47
32.98,87.76,19.17,Low,Cotton,Harvest,89.08
32.61,76.7,10.78,Low,Cotton,Seedling,63.35
33.18,66.02,6.34,Low,Cotton,Flowering,48.79
26.57,79.95,19.55,Low,Sugarcane,Flowering,84.71
22.31,52.05,14.66,Moderate,Maize,Seedling,63.65
30.11,85.73,13.07,High,Wheat,Fruiting,59.97
24.6,81.39,19.73,High,Wheat,Fruiting,75.93
33.32,70.28,15.92,Moderate,Maize,Seedling,58.76
28.42,89.16,11.52,High,Wheat,Vegetative,64.38
20.31,46.04,5.27,High,Sugarcane,Seedling,34.18
20.68,61.57,13.8,Low,Wheat,Harvest,77.16
38.37,85.21,7.09,Moderate,Cotton,Vegetative,47.86
22.38,84.87,17.97,High,Cotton,Harvest,69.82
34.44,43.69,18.41,Moderate,Sugarcane,Fruiting,59.91
28.71,77.88,14.0,High,Wheat,Harvest,66.86
38.73,44.19,17.91,High,Cotton,Flowering,49.46
29.07,56.02,3.53,High,Cotton,Flowering,33.43
21.94,54.87,6.82,High,Cotton,Harvest,44.19
36.88,61.33,6.46,Moderate,Wheat,Vegetative,29.78
38.9,84.12,14.62,Moderate,Cotton,Flowering,57.48
32.31,44.97,5.7,Low,Maize,Flowering,34.97
24.47,48.47,18.78,Moderate,Cotton,Seedling,79.07
33.33,47.05,4.14,High,Wheat,Seedling,29.13
20.79,84.53,10.76,Low,Rice,Fruiting,72.72
20.52,50.16,18.84,High,Sugarcane,Fruiting,65.41
36.62,54.75,2.19,High,Rice,Fruiting,23.17
29.87,44.34,2.74,Moderate,Rice,Flowering,30.29
34.89,51.12,1.49,Low,Cotton,Flowering,22.12
32.61,65.64,15.54,High,Maize,Seedling,57.73
38.65,79.71,6.35,High,Rice,Seedling,33.9
31.73,83.61,4.4,Low,Maize,Fruiting,38.8
36.28,76.68,5.65,Low,Rice,Harvest,51.12
34.99,40.16,1.35,High,Cotton,Vegetative,19.39
20.78,74.4,12.27,High,Cotton,Vegetative,63.89
29.68,72.85,3.6,Moderate,Wheat,Flowering,38.72
29.8,71.5,11.96,High,Sugarcane,Flowering,42.47
22.25,84.04,15.1,Moderate,Sugarcane,Fruiting,67.84
33.25,45.79,9.29,Moderate,Rice,Flowering,40.73
34.1,78.68,9.67,Moderate,Cotton,Fruiting,50.59
20.58,53.4,4.3,Moderate,Rice,Harvest,47.36
25.23,55.88,7.83,Moderate,Sugarcane,Fruiting,39.98
21.09,64.28,4.38,High,Rice,Flowering,36.21
24.43,83.78,10.72,High,Rice,Harvest,59.95
22.58,66.99,19.01,Low,Sugarcane,Seedling,89.34
26.67,57.64,15.32,Low,Rice,Harvest,64.03
30.71,89.26,16.76,Moderate,Wheat,Flowering,73.9
38.21,56.58,4.31,High,Wheat,Seedling,19.47
20.4,87.02,2.05,Moderate,Sugarcane,Seedling,44.81
26.03,51.5,15.45,Low,Rice,Flowering,67.61
36.26,58.89,8.02,High,Maize,Seedling,30.53
30.09,75.17,14.65,Low,Rice,Harvest,71.39
23.04,76.79,15.85,Low,Cotton,Flowering,79.03
28.5,77.17,6.04,Moderate,Wheat,Seedling,45.87
33.12,63.57,5.82,Low,Wheat,Fruiting,41.35
29.67,85.38,10.66,Low,Sugarcane,Seedling,74.22
34.55,87.57,15.25,High,Rice,Fruiting,52.77
39.5,59.87,4.64,Moderate,Sugarcane,Harvest,24.31
26.21,47.19,12.6,Low,Rice,Harvest,54.62
37.3,64.49,5.0,Low,Sugarcane,Harvest,44.92
30.47,81.98,15.21,Low,Sugarcane,Flowering,67.27
34.81,81.72,0.73,High,Cotton,Harvest,25.78
20.11,74.52,15.1,Moderate,Cotton,Fruiting,66.5
33.04,56.09,14.18,High,Cotton,Seedling,59.33
28.51,43.88,2.55,Low,Wheat,Harvest,38.94
23.32,61.88,19.44,Low,Sugarcane,Fruiting,72.41
36.06,64.36,14.98,High,Sugarcane,Fruiting,40.56
22.35,89.79,14.4,High,Maize,Harvest,66.9
37.79,68.19,3.32,Moderate,Cotton,Vegetative,36.37
39.04,58.56,12.09,Moderate,Sugarcane,Vegetative,53.91
38.54,76.01,17.05,Low,Wheat,Harvest,71.92
29.48,55.88,3.58,Moderate,Rice,Seedling,34.05
23.75,74.7,10.75,Moderate,Rice,Seedling,65.06
31.89,43.34,12.73,Low,Maize,Seedling,63.34
25.49,81.04,17.36,High,Maize,Flowering,69.1
28.07,52.74,10.82,High,Wheat,Seedling,49.65
22.06,50.82,3.57,High,Rice,Vegetative,39.2
31.75,78.3,6.6,High,Cotton,Flowering,45.08
34.75,70.79,18.18,Low,Wheat,Seedling,78.97
39.78,44.57,16.07,Low,Wheat,Vegetative,55.51
20.0,43.89,19.4,Low,Cotton,Fruiting,73.65
29.43,55.13,15.2,Low,Cotton,Fruiting,59.47
27.71,63.72,6.24,High,Maize,Harvest,32.93
32.11,50.69,3.32,High,Maize,Vegetative,31.26
31.21,64.5,15.78,High,Rice,Harvest,64.49
33.04,48.9,17.32,Moderate,Maize,Fruiting,51.76
31.2,89.9,18.79,Moderate,Maize,Vegetative,84.28
39.91,49.79,7.22,Low,Rice,Harvest,34.86
21.88,58.44,5.08,Low,Cotton,Flowering,38.74
25.5,63.94,0.88,High,Maize,Flowering,27.72
39.42,81.17,17.26,Moderate,Cotton,Fruiting,60.63
29.47,83.75,15.01,Low,Rice,Flowering,62.03
37.89,47.66,14.72,Low,Rice,Fruiting,56.72
22.39,62.17,14.21,Moderate,Rice,Harvest,62.44
37.05,72.76,14.75,Moderate,Maize,Vegetative,65.13
31.74,87.22,10.33,High,Sugarcane,Fruiting,53.9
33.39,43.25,16.5,High,Wheat,Flowering,40.91
28.87,53.78,3.97,High,Sugarcane,Vegetative,32.94
36.84,87.05,6.22,High,Maize,Seedling,38.79
31.36,74.81,11.32,Moderate,Rice,Seedling,64.95
23.65,44.32,6.35,High,Rice,Vegetative,41.97
24.35,58.73,1.63,High,Wheat,Flowering,32.12
32.85,85.07,3.82,High,Wheat,Flowering,25.5
34.12,48.9,2.81,Moderate,Sugarcane,Vegetative,32.92
25.46,49.96,19.59,Moderate,Sugarcane,Flowering,61.2
27.1,58.18,15.45,High,Sugarcane,Vegetative,51.35
36.69,59.28,10.76,Low,Sugarcane,Flowering,49.44
33.64,54.43,6.84,High,Cotton,Flowering,22.92
35.47,52.91,9.35,Low,Rice,Harvest,49.6
23.73,46.99,11.74,Moderate,Cotton,Fruiting,53.47
38.03,56.12,2.09,Moderate,Rice,Vegetative,23.75
26.69,72.39,2.0,Moderate,Maize,Vegetative,38.23
23.72,41.09,16.18,Moderate,Cotton,Harvest,66.06
34.62,63.68,4.87,High,Maize,Harvest,28.53
33.57,55.01,19.42,Low,Cotton,Seedling,72.11
35.48,87.7,8.02,Low,Wheat,Harvest,49.23
26.01,69.84,13.95,High,Wheat,Harvest,63.86
22.6,56.66,19.2,Low,Maize,Vegetative,84.98
29.17,48.27,0.02,Low,Wheat,Vegetative,27.01
21.61,51.81,4.07,Low,Wheat,Vegetative,49.16
36.91,58.71,9.55,Moderate,Rice,Fruiting,39.89
27.88,50.62,9.45,Moderate,Sugarcane,Vegetative,51.88
21.92,46.43,15.26,Low,Sugarcane,Flowering,71.33
36.4,76.52,8.49,Moderate,Cotton,Seedling,46.06
33.4,88.51,0.54,High,Wheat,Vegetative,27.93
26.8,81.16,12.21,Moderate,Rice,Vegetative,57.98
23.76,50.56,8.71,Moderate,Sugarcane,Vegetative,48.13
25.7,59.34,16.43,Low,Maize,Fruiting,63.26
27.96,65.87,2.13,Low,Maize,Seedling,45.57
28.09,80.35,3.22,Low,Cotton,Harvest,45.86
29.09,64.31,19.2,Moderate,Sugarcane,Seedling,71.11
25.17,71.71,12.07,Moderate,Cotton,Flowering,62.43
34.24,82.21,19.44,Low,Wheat,Fruiting,75.55
27.67,73.74,3.01,Moderate,Cotton,Flowering,31.77
36.26,76.38,9.1,Low,Sugarcane,Flowering,41.56
37.36,63.01,1.0,High,Maize,Flowering,15.03
33.5,78.34,0.47,Moderate,Wheat,Flowering,25.45
20.35,56.23,12.72,High,Rice,Flowering,57.28
30.63,59.81,3.5,High,Rice,Vegetative,33.77
32.66,61.56,5.49,Moderate,Cotton,Vegetative,45.12
38.07,86.61,16.41,High,Sugarcane,Seedling,55.85
27.46,47.34,19.54,High,Rice,Fruiting,60.42
34.51,56.89,12.73,Moderate,Sugarcane,Fruiting,39.82
39.01,52.84,13.06,Low,Sugarcane,Seedling,59.07
31.42,89.75,12.31,High,Wheat,Seedling,57.86
29.46,78.04,8.74,High,Wheat,Flowering,44.1
20.91,59.93,3.63,Moderate,Maize,Seedling,43.75
20.37,60.72,2.6,Moderate,Sugarcane,Harvest,46.28
32.7,44.86,4.5,High,Maize,Vegetative,19.22
25.76,75.6,16.54,High,Sugarcane,Harvest,64.72
27.78,86.49,0.25,Moderate,Maize,Flowering,39.44
23.04,82.72,9.98,High,Wheat,Fruiting,49.43
20.65,82.61,19.35,High,Sugarcane,Harvest,87.59
21.66,77.4,10.59,Moderate,Maize,Flowering,58.41
29.35,47.8,11.7,High,Maize,Harvest,44.5
39.92,41.17,19.47,High,Sugarcane,Vegetative,50.25
30.75,58.92,18.98,Low,Rice,Fruiting,65.32
39.84,68.54,3.57,Low,Sugarcane,Harvest,34.08
35.03,60.91,11.98,Moderate,Maize,Seedling,55.23
33.74,71.66,12.72,High,Cotton,Harvest,49.76
37.18,64.74,9.28,Moderate,Wheat,Vegetative,42.49
20.07,81.49,15.26,High,Wheat,Seedling,71.1
33.06,88.71,8.21,High,Rice,Harvest,42.81
32.19,65.17,1.61,High,Sugarcane,Seedling,25.54
25.0,68.47,9.44,Low,Maize,Seedling,66.2
37.67,72.71,11.04,Low,Wheat,Fruiting,48.87
37.49,48.76,18.74,Low,Maize,Vegetative,61.55
37.89,50.35,9.22,Low,Cotton,Fruiting,47.91
35.94,88.64,10.0,Low,Cotton,Flowering,60.79
38.18,52.24,14.44,Low,Rice,Seedling,60.81
28.13,65.99,9.4,Moderate,Rice,Fruiting,55.29
37.67,66.87,14.32,High,Cotton,Seedling,51.45
36.56,42.99,16.23,High,Rice,Flowering,42.75
38.55,71.46,8.8,Low,Rice,Vegetative,54.51
35.16,68.99,15.83,High,Wheat,Flowering,51.0
26.8,85.65,15.91,Low,Maize,Seedling,77.54
33.87,62.91,14.18,Low,Maize,Flowering,54.7
28.89,79.37,13.99,High,Maize,Harvest,53.05
22.8,66.09,0.52,Moderate,Cotton,Flowering,36.15
26.13,75.79,11.35,Moderate,Sugarcane,Fruiting,59.58
23.09,80.26,2.57,High,Maize,Fruiting,32.38
24.56,82.55,11.66,Low,Cotton,Seedling,67.92
34.42,77.27,19.92,Moderate,Sugarcane,Harvest,79.87
39.45,72.19,11.74,High,Maize,Harvest,42.91
37.31,64.26,3.38,High,Sugarcane,Vegetative,25.61
27.6,73.44,1.3,Low,Maize,Vegetative,37.4
25.57,78.9,15.79,High,Wheat,Flowering,62.93
31.39,71.93,0.24,High,Cotton,Vegetative,29.86
27.27,41.64,12.53,Moderate,Cotton,Seedling,50.59
39.23,82.33,10.75,Low,Rice,Fruiting,53.03
24.96,52.8,14.79,High,Wheat,Vegetative,60.44
29.12,42.01,12.18,High,Maize,Seedling,50.99
34.67,85.87,18.12,Low,Cotton,Flowering,65.86
24.55,69.28,11.63,Moderate,Rice,Harvest,66.84
21.02,79.5,1.46,Moderate,Rice,Fruiting,33.58
23.95,67.12,4.3,Moderate,Maize,Harvest,36.59
28.6,85.25,14.4,Moderate,Wheat,Harvest,73.27
32.29,62.81,0.01,Moderate,Cotton,Flowering,22.91
23.53,65.36,10.28,High,Maize,Flowering,54.28
24.98,53.76,11.23,Moderate,Sugarcane,Seedling,64.49
38.91,64.38,6.38,High,Sugarcane,Fruiting,21.83
21.31,61.6,6.09,Moderate,Maize,Harvest,53.99
23.87,45.44,4.64,Moderate,Cotton,Flowering,31.86
30.61,45.15,6.0,High,Wheat,Harvest,34.01
26.48,49.6,7.92,Low,Wheat,Harvest,52.72
26.51,65.82,9.48,High,Sugarcane,Flowering,40.05
25.26,86.72,16.69,Moderate,Wheat,Flowering,69.87
27.08,77.26,8.99,Moderate,Cotton,Fruiting,55.5
20.11,87.0,1.11,Moderate,Maize,Vegetative,54.05
35.34,40.97,14.09,Low,Maize,Flowering,55.34
20.47,61.37,7.65,High,Cotton,Vegetative,52.62
32.35,62.01,5.48,Low,Wheat,Vegetative,40.99
29.59,76.06,9.4,Low,Sugarcane,Fruiting,50.82
39.74,69.31,1.19,Low,Maize,Flowering,27.23
28.76,54.21,9.44,High,Rice,Flowering,46.66
34.65,81.22,17.48,High,Maize,Harvest,59.3
21.76,52.26,11.45,High,Maize,Harvest,52.96
25.83,41.09,15.44,Low,Maize,Flowering,67.11
28.92,84.23,3.68,Moderate,Wheat,Fruiting,38.02
23.98,88.57,5.18,High,Rice,Vegetative,41.69
28.22,59.82,9.73,Low,Cotton,Seedling,64.38
30.25,40.81,8.74,Low,Cotton,Flowering,46.91
29.84,68.74,12.69,High,Rice,Harvest,47.14
31.17,45.62,3.16,High,Rice,Harvest,31.46
32.2,89.65,15.04,High,Sugarcane,Flowering,58.67
37.79,89.72,3.04,Moderate,Rice,Vegetative,39.74
26.8,66.39,13.85,Moderate,Rice,Fruiting,60.14
20.13,81.41,0.38,Low,Maize,Fruiting,38.56
37.11,69.22,15.36,High,Sugarcane,Vegetative,58.19
31.49,57.73,17.61,High,Wheat,Vegetative,64.24
24.12,49.08,0.52,High,Rice,Vegetative,26.21
39.09,56.37,6.31,Low,Wheat,Vegetative,35.37
28.49,53.55,18.73,Low,Maize,Seedling,69.68
37.98,61.98,16.68,Moderate,Rice,Fruiting,60.79
37.08,50.43,0.98,Moderate,Sugarcane,Vegetative,16.91
27.61,80.72,1.86,Low,Cotton,Harvest,48.81
22.43,77.83,2.41,Moderate,Cotton,Flowering,44.7
26.34,49.55,19.7,High,Maize,Fruiting,58.22
22.24,62.85,0.15,Moderate,Sugarcane,Seedling,35.07
38.91,81.83,8.68,High,Maize,Vegetative,49.51
21.69,72.18,7.79,Moderate,Rice,Flowering,55.11
37.95,42.27,16.95,Low,Cotton,Seedling,54.66
23.12,74.75,15.25,Low,Cotton,Vegetative,82.34
33.22,58.59,8.3,Low,Sugarcane,Vegetative,43.06
30.37,47.57,16.19,High,Wheat,Flowering,56.66
22.19,48.12,9.95,Moderate,Sugarcane,Flowering,55.12
25.3,56.05,15.67,Moderate,Rice,Fruiting,53.6
37.44,85.68,0.93,Moderate,Cotton,Harvest,26.51
22.0,57.43,4.45,Moderate,Rice,Seedling,52.92
29.29,60.75,17.96,Moderate,Wheat,Harvest,73.26
20.01,63.81,17.99,Moderate,Wheat,Flowering,75.21
27.31,70.68,14.33,Moderate,Sugarcane,Harvest,60.02
24.39,46.49,18.85,Low,Rice,Seedling,80.38
25.65,70.75,5.0,Moderate,Wheat,Flowering,38.96
39.48,73.42,10.4,High,Maize,Vegetative,39.57
27.5,47.26,14.73,Low,Sugarcane,Seedling,70.29
39.59,40.72,12.69,Low,Wheat,Fruiting,40.62
31.44,64.19,6.88,High,Cotton,Fruiting,33.47
24.3,71.07,10.92,Low,Maize,Harvest,71.69
26.75,84.63,5.11,Moderate,Cotton,Fruiting,47.84
33.36,57.12,10.38,Low,Maize,Fruiting,50.56
39.3,46.31,4.54,Moderate,Rice,Seedling,29.25
25.91,83.67,6.14,Moderate,Cotton,Seedling,61.34
39.43,49.13,16.4,High,Wheat,Vegetative,53.72
24.44,40.84,14.67,Moderate,Cotton,Harvest,63.45
31.26,66.53,0.94,High,Maize,Harvest,21.71
38.94,66.54,7.49,Low,Wheat,Harvest,39.91
38.61,75.8,10.82,High,Sugarcane,Vegetative,41.11
39.18,87.44,5.93,High,Sugarcane,Fruiting,32.42
22.72,86.91,0.01,Moderate,Cotton,Flowering,33.26
34.67,69.7,1.34,Moderate,Wheat,Vegetative,29.82
23.21,88.6,19.53,Low,Sugarcane,Vegetative,90.0
27.82,49.67,16.69,Low,Wheat,Flowering,58.61
28.03,76.3,11.72,High,Wheat,Vegetative,54.34
33.44,78.03,0.22,Low,Cotton,Flowering,32.53
35.43,69.92,4.64,Moderate,Maize,Seedling,39.5
32.2,47.68,17.6,High,Maize,Flowering,59.46
20.82,81.9,5.11,High,Sugarcane,Fruiting,45.52
37.52,74.57,15.89,Moderate,Wheat,Harvest,54.96
39.95,70.17,11.98,Moderate,Wheat,Fruiting,50.83
39.26,61.08,12.76,Moderate,Maize,Flowering,47.23
26.58,73.35,5.02,Moderate,Rice,Seedling,41.4
36.12,52.14,9.9,High,Sugarcane,Flowering,27.19
35.62,75.43,11.21,High,Sugarcane,Harvest,48.1
38.5,59.13,12.03,High,Rice,Harvest,35.92
39.33,51.93,11.6,High,Cotton,Fruiting,39.68
34.37,41.99,12.94,Moderate,Sugarcane,Harvest,53.38
20.75,59.93,16.1,High,Sugarcane,Seedling,63.26
23.61,71.53,6.58,Moderate,Sugarcane,Seedling,56.71
36.99,52.68,16.37,Moderate,Maize,Vegetative,52.65
35.67,56.23,13.98,High,Maize,Vegetative,43.44
35.42,67.36,6.44,Moderate,Maize,Vegetative,45.56
37.13,56.69,12.33,High,Wheat,Flowering,44.69
22.03,76.1,12.79,Moderate,Cotton,Fruiting,65.58
35.13,50.11,17.12,Moderate,Maize,Flowering,59.49
37.92,77.74,19.19,Moderate,Rice,Seedling,66.24
26.21,65.31,12.85,Moderate,Cotton,Harvest,55.74
32.37,43.8,1.87,High,Cotton,Fruiting,21.99
22.92,57.01,7.08,Low,Sugarcane,Seedling,60.86
34.73,83.82,15.97,High,Cotton,Seedling,60.68
24.5,81.31,4.92,Low,Maize,Seedling,56.53
36.66,89.16,4.91,Low,Sugarcane,Vegetative,41.55
25.94,88.23,17.15,Moderate,Sugarcane,Fruiting,74.35
39.97,49.61,3.72,High,Cotton,Fruiting,18.13
37.77,88.96,14.94,High,Maize,Flowering,53.24
27.29,86.28,4.69,High,Maize,Seedling,52.7
22.69,83.0,19.73,Low,Cotton,Harvest,83.21
39.62,79.21,10.15,Moderate,Cotton,Flowering,38.07
36.53,51.39,6.97,High,Cotton,Vegetative,29.97
31.49,42.66,12.38,Moderate,Cotton,Fruiting,37.88
39.92,41.11,8.97,High,Rice,Flowering,24.76
34.13,43.19,7.09,High,Maize,Harvest,26.28
37.93,41.38,11.95,Moderate,Wheat,Fruiting,33.8
29.04,66.92,13.49,Moderate,Wheat,Harvest,65.3
30.16,60.36,15.33,High,Cotton,Flowering,58.51
39.42,42.65,15.09,High,Rice,Seedling,47.28
30.6,76.52,14.65,Low,Cotton,Vegetative,75.08
20.59,86.44,14.57,Moderate,Rice,Seedling,84.65
31.48,87.45,7.75,Moderate,Sugarcane,Fruiting,42.32
26.87,44.79,7.1,High,Sugarcane,Flowering,32.56
23.69,60.07,4.53,High,Rice,Flowering,33.26
21.88,52.89,17.59,Low,Cotton,Seedling,80.98
21.91,40.09,19.7,Low,Rice,Flowering,71.0
20.55,85.26,11.27,Low,Wheat,Vegetative,75.12
29.96,66.76,19.52,Low,Wheat,Harvest,75.99
23.54,62.03,16.92,Low,Cotton,Vegetative,81.03
28.9,71.1,18.71,Low,Maize,Flowering,68.1
33.66,69.51,3.35,Low,Sugarcane,Vegetative,41.95
39.95,86.0,18.76,High,Cotton,Fruiting,64.66
38.88,73.44,1.31,Low,Maize,Vegetative,28.64
36.35,49.42,8.09,Moderate,Rice,Fruiting,38.52
38.19,75.38,16.78,Low,Cotton,Seedling,72.59
26.41,66.37,11.5,High,Cotton,Fruiting,53.19
32.86,54.13,2.71,Low,Maize,Fruiting,29.38
27.54,64.52,9.82,Moderate,Cotton,Fruiting,50.68
26.12,89.61,15.41,High,Rice,Harvest,74.19
23.76,44.46,17.84,High,Cotton,Harvest,57.35
26.27,42.4,0.56,Moderate,Sugarcane,Vegetative,24.56
30.76,81.19,13.68,Moderate,Cotton,Harvest,69.43
30.17,74.06,0.89,Low,Rice,Fruiting,42.24
37.85,75.62,1.46,Low,Sugarcane,Vegetative,35.76
32.26,42.26,7.63,High,Rice,Flowering,20.73
24.81,80.68,16.63,Low,Sugarcane,Vegetative,77.89
36.76,42.24,2.83,Low,Cotton,Flowering,30.6
28.46,68.53,17.27,High,Maize,Vegetative,71.83
33.07,85.69,8.18,Low,Sugarcane,Fruiting,50.28
36.85,49.47,15.58,Moderate,Cotton,Seedling,57.66
27.91,74.8,8.98,High,Wheat,Seedling,53.07
22.31,85.11,9.77,Low,Cotton,Flowering,58.86
34.8,87.77,14.3,High,Sugarcane,Flowering,55.53
25.69,68.51,2.17,Low,Sugarcane,Vegetative,50.98
31.09,64.9,2.54,Low,Sugarcane,Fruiting,28.94
24.57,81.65,3.69,High,Rice,Vegetative,40.93
27.42,76.92,8.84,Low,Cotton,Vegetative,63.88
34.5,42.19,0.28,Low,Maize,Flowering,27.42
27.0,50.03,12.88,Moderate,Sugarcane,Vegetative,62.89
30.11,51.26,12.54,Moderate,Sugarcane,Seedling,60.82
21.39,52.29,10.57,High,Wheat,Vegetative,51.58
26.35,45.57,1.3,High,Cotton,Seedling,28.35
23.4,86.64,7.41,Low,Rice,Vegetative,54.67
20.07,42.92,7.75,High,Rice,Vegetative,47.06
20.7,67.28,0.4,Moderate,Cotton,Fruiting,31.02
32.32,62.48,14.96,High,Sugarcane,Harvest,50.8
39.6,71.83,9.58,Low,Sugarcane,Harvest,56.02
24.48,54.34,14.62,Moderate,Maize,Vegetative,60.77
20.42,80.27,2.88,Moderate,Sugarcane,Harvest,53.71
39.75,46.25,12.53,Low,Sugarcane,Fruiting,50.78
29.21,62.62,19.05,Moderate,Maize,Flowering,64.54
27.98,76.17,4.12,Low,Wheat,Harvest,43.64
37.47,72.97,12.38,Moderate,Cotton,Fruiting,47.15
26.14,59.64,9.4,High,Sugarcane,Flowering,49.13
39.11,83.51,8.24,Low,Wheat,Flowering,47.72
23.13,59.21,10.35,Low,Sugarcane,Seedling,66.13
27.72,73.35,5.47,High,Cotton,Vegetative,43.12
31.5,80.04,3.01,Moderate,Sugarcane,Vegetative,45.32
22.61,86.56,6.32,High,Cotton,Seedling,55.6
35.74,44.29,0.17,Low,Maize,Seedling,23.08
38.04,50.15,3.01,Low,Maize,Seedling,30.04
38.18,69.17,16.57,Moderate,Maize,Vegetative,57.3
22.03,68.09,18.02,Low,Wheat,Fruiting,71.34
38.2,60.48,11.23,High,Sugarcane,Flowering,40.33
38.07,88.81,13.28,Low,Sugarcane,Seedling,70.49
22.71,59.05,7.59,Low,Rice,Harvest,58.25
36.36,86.55,11.7,Low,Sugarcane,Seedling,71.14
38.93,68.34,17.71,Low,Maize,Seedling,64.16
32.48,73.87,18.34,Low,Wheat,Flowering,68.2
35.86,79.33,7.09,Moderate,Rice,Harvest,50.97
28.35,48.45,17.03,Low,Cotton,Flowering,72.03
38.09,41.17,6.37,Low,Rice,Vegetative,38.1
25.26,89.81,6.75,Moderate,Sugarcane,Seedling,54.91
20.63,83.6,18.53,Low,Cotton,Seedling,87.19
23.99,63.51,7.77,High,Maize,Fruiting,39.33
36.06,82.68,15.68,Moderate,Maize,Vegetative,71.54
34.38,67.62,9.78,Moderate,Rice,Fruiting,51.0
21.7,73.31,6.37,High,Rice,Seedling,54.62
36.12,45.35,1.49,Moderate,Rice,Vegetative,23.14
24.74,44.37,1.51,High,Rice,Flowering,27.76
32.35,47.81,12.52,Moderate,Maize,Seedling,53.81
21.12,46.94,18.36,Low,Wheat,Seedling,82.07
21.83,61.65,13.71,Low,Rice,Seedling,70.38
32.51,49.63,16.35,High,Sugarcane,Harvest,57.15
29.38,76.58,11.84,Low,Sugarcane,Vegetative,64.64
21.59,88.71,5.27,High,Cotton,Vegetative,53.13
34.06,43.79,3.74,Moderate,Wheat,Vegetative,26.43
36.72,54.84,8.25,High,Maize,Vegetative,33.05
36.49,76.77,10.61,High,Maize,Flowering,46.25
21.29,43.14,6.88,High,Rice,Harvest,44.14
28.6,73.7,17.97,Moderate,Rice,Seedling,71.86
35.43,85.72,13.96,High,Rice,Harvest,53.28
36.79,62.54,14.84,Moderate,Maize,Fruiting,48.78
29.78,67.3,14.9,Low,Cotton,Vegetative,60.83
27.06,63.25,9.23,Moderate,Sugarcane,Fruiting,46.87
22.84,77.53,8.39,Low,Wheat,Flowering,56.55
37.41,47.47,7.31,Moderate,Wheat,Vegetative,35.88
23.68,44.74,7.83,Low,Maize,Flowering,41.87
29.95,47.92,16.6,High,Maize,Vegetative,50.98
32.14,64.96,8.7,Low,Sugarcane,Seedling,51.57
22.12,87.65,14.12,High,Maize,Vegetative,64.43
38.87,80.18,8.33,Low,Maize,Vegetative,47.7
26.21,70.92,12.23,High,Wheat,Harvest,52.72
34.5,80.36,17.28,Moderate,Cotton,Fruiting,57.53
28.94,60.85,4.19,Moderate,Wheat,Flowering,36.46
38.04,63.81,5.61,Moderate,Cotton,Flowering,34.23
38.04,88.27,15.63,High,Wheat,Harvest,61.19
36.27,52.45,11.27,Low,Maize,Harvest,56.6
27.68,47.42,6.43,High,Sugarcane,Fruiting,32.87
37.82,87.91,5.32,Moderate,Sugarcane,Vegetative,46.48
25.52,47.15,16.96,Low,Sugarcane,Vegetative,65.61
20.06,57.81,12.41,High,Wheat,Flowering,60.9
29.69,55.71,17.66,Low,Wheat,Harvest,72.49
25.91,43.03,17.7,High,Cotton,Flowering,52.09
27.52,75.03,17.05,Moderate,Maize,Vegetative,66.31
20.51,72.58,15.25,Low,Maize,Fruiting,78.33
39.86,62.33,7.64,Low,Cotton,Fruiting,42.75
22.15,53.68,5.52,High,Cotton,Fruiting,32.08
31.73,56.14,0.34,Low,Maize,Harvest,30.84
22.84,81.59,7.5,Low,Sugarcane,Flowering,56.03
26.53,81.8,0.69,Moderate,Maize,Harvest,42.94
20.79,65.59,14.46,High,Wheat,Fruiting,52.88
21.36,47.58,10.46,High,Wheat,Seedling,55.27
39.45,56.91,8.25,Low,Sugarcane,Fruiting,39.38
30.49,72.09,7.92,Low,Cotton,Seedling,60.69
28.97,45.76,18.23,Moderate,Wheat,Vegetative,57.56
33.67,41.21,12.86,High,Wheat,Fruiting,31.4
24.38,51.63,3.05,Low,Cotton,Flowering,34.86
35.12,73.51,0.39,Moderate,Sugarcane,Seedling,33.53
33.94,67.5,0.8,High,Rice,Vegetative,19.53
29.83,57.47,1.61,Moderate,Cotton,Vegetative,29.27
23.05,40.37,12.55,High,Maize,Flowering,47.18
30.22,47.99,4.03,High,Maize,Flowering,19.22
37.96,59.63,13.01,Moderate,Rice,Fruiting,47.8
33.03,65.59,8.11,Low,Rice,Seedling,50.29
22.13,86.65,4.11,High,Maize,Vegetative,52.52
36.36,58.05,1.09,High,Wheat,Harvest,25.97
36.87,50.84,0.48,Low,Wheat,Vegetative,31.58
24.13,87.34,7.77,Moderate,Sugarcane,Fruiting,55.62
23.31,64.58,11.22,Moderate,Wheat,Seedling,63.27
37.69,82.63,12.39,Low,Maize,Seedling,59.75
27.63,68.41,3.19,Low,Maize,Vegetative,46.77
39.42,77.09,7.46,Moderate,Sugarcane,Seedling,40.76
20.7,46.0,2.84,Moderate,Wheat,Seedling,46.2
34.89,74.09,0.61,Moderate,Wheat,Seedling,25.46
34.5,62.76,17.73,High,Cotton,Flowering,51.56
34.06,63.99,14.63,Low,Wheat,Seedling,63.5
27.55,41.86,8.65,Moderate,Sugarcane,Vegetative,51.11
31.54,42.2,1.26,Moderate,Maize,Fruiting,15.44
25.35,73.56,19.26,Low,Wheat,Fruiting,84.13
39.92,42.21,11.26,Moderate,Cotton,Fruiting,40.17
34.31,77.13,5.73,Low,Cotton,Flowering,42.6
29.45,48.19,13.17,Moderate,Cotton,Harvest,48.2
34.7,57.34,3.48,Moderate,Maize,Fruiting,34.83
35.35,47.38,13.45,Moderate,Cotton,Fruiting,43.29
28.63,70.11,17.7,Moderate,Maize,Fruiting,66.28
30.78,74.02,17.79,Moderate,Cotton,Vegetative,72.3
30.8,81.6,3.19,High,Wheat,Vegetative,41.05
27.93,81.17,17.61,High,Cotton,Seedling,72.06
31.51,52.74,11.01,Low,Wheat,Flowering,49.66
26.51,81.82,7.47,Moderate,Cotton,Fruiting,45.28
27.02,60.4,15.03,Low,Wheat,Fruiting,59.06
33.88,77.67,14.32,High,Rice,Fruiting,47.01
21.44,87.51,4.84,Moderate,Maize,Vegetative,54.42
21.93,80.72,0.47,Low,Maize,Seedling,44.02
36.55,74.02,1.34,Moderate,Rice,Fruiting,33.03
33.23,40.53,11.95,Moderate,Sugarcane,Flowering,37.2
28.57,69.48,9.57,High,Cotton,Seedling,52.91
39.54,65.0,7.03,Moderate,Sugarcane,Fruiting,37.38
35.4,61.14,11.74,Moderate,Sugarcane,Seedling,49.93
39.26,77.95,1.74,Moderate,Cotton,Seedling,25.13
34.49,75.78,18.45,Moderate,Sugarcane,Flowering,61.59
39.68,41.72,6.2,High,Sugarcane,Vegetative,25.23
21.9,74.19,11.87,High,Rice,Harvest,58.96
30.04,63.16,13.94,Moderate,Cotton,Seedling,57.64
22.35,65.84,3.48,Moderate,Maize,Vegetative,36.17
32.02,61.34,13.74,Low,Wheat,Fruiting,57.79
20.11,78.79,16.14,Low,Sugarcane,Seedling,80.89
24.47,83.28,11.67,Moderate,Wheat,Fruiting,66.02
38.96,45.8,3.29,Low,Cotton,Harvest,21.19
29.92,79.72,8.6,High,Cotton,Flowering,46.06
22.13,63.68,5.58,High,Sugarcane,Seedling,37.72
25.26,87.43,7.15,Moderate,Cotton,Vegetative,62.26
37.51,46.05,3.24,High,Wheat,Vegetative,19.07
39.93,58.67,5.26,Low,Wheat,Harvest,34.84
31.19,51.61,2.95,Low,Sugarcane,Seedling,35.97
30.2,40.61,10.49,Moderate,Cotton,Harvest,37.24
37.61,46.85,18.41,Moderate,Wheat,Vegetative,61.09
29.57,50.71,3.45,High,Cotton,Seedling,24.48
22.54,65.49,17.22,Low,Sugarcane,Harvest,86.34
21.45,48.24,12.54,Moderate,Maize,Vegetative,64.15
28.13,77.62,0.86,Moderate,Sugarcane,Seedling,33.76
34.53,58.68,9.0,Low,Wheat,Fruiting,46.62
35.81,84.44,12.92,High,Wheat,Vegetative,55.69
25.75,78.65,8.65,Low,Sugarcane,Seedling,64.01
34.09,78.85,15.46,Low,Maize,Flowering,63.69
29.29,80.34,18.34,Moderate,Cotton,Harvest,72.25
26.16,87.42,10.23,Moderate,Cotton,Harvest,68.58
32.1,73.05,11.48,Moderate,Maize,Seedling,60.55
39.5,66.64,12.33,Low,Maize,Flowering,57.46
37.5,69.72,4.56,Moderate,Wheat,Harvest,30.01
39.45,49.59,6.7,High,Sugarcane,Flowering,19.28
28.48,72.96,15.37,Low,Maize,Vegetative,74.91
27.23,67.14,6.42,Moderate,Cotton,Harvest,41.26
34.49,83.81,12.77,Low,Cotton,Flowering,55.57
32.95,64.85,4.91,Moderate,Maize,Harvest,37.24
26.83,52.74,1.44,Low,Sugarcane,Harvest,44.27
20.07,49.45,18.68,Moderate,Sugarcane,Harvest,75.21
25.54,68.37,3.98,Low,Sugarcane,Fruiting,45.36
29.53,59.34,2.39,Low,Rice,Flowering,38.6
39.88,42.05,1.41,Low,Cotton,Harvest,19.11
35.68,86.29,13.73,Low,Rice,Harvest,59.51
22.23,88.84,14.39,Moderate,Sugarcane,Vegetative,70.21
32.37,68.53,5.33,High,Maize,Vegetative,29.82
31.07,55.84,4.4,Moderate,Wheat,Harvest,37.44
39.09,44.56,14.81,Moderate,Sugarcane,Seedling,44.21
36.91,51.05,9.19,Low,Wheat,Vegetative,41.48
20.06,73.56,8.7,High,Sugarcane,Fruiting,45.57
22.01,44.1,14.25,Moderate,Wheat,Fruiting,62.58
35.01,41.15,15.3,Low,Sugarcane,Fruiting,57.63
30.48,56.1,9.98,High,Sugarcane,Fruiting,41.11
27.46,75.17,12.02,High,Sugarcane,Vegetative,60.64
24.14,55.71,8.1,Low,Maize,Vegetative,52.29
37.55,88.03,13.73,High,Wheat,Seedling,56.81
36.0,59.44,6.9,Moderate,Rice,Fruiting,33.19
28.91,61.21,8.75,Moderate,Wheat,Flowering,42.35
39.94,63.93,3.37,High,Cotton,Harvest,24.14
23.91,41.81,7.63,Low,Wheat,Seedling,54.51
23.18,70.77,11.06,Moderate,Rice,Harvest,67.93
29.06,54.66,17.17,Moderate,Wheat,Vegetative,63.48
23.33,43.34,17.44,High,Rice,Harvest,64.18
35.69,87.69,18.83,Low,Maize,Harvest,77.7
28.47,48.4,0.34,Low,Cotton,Seedling,26.57
22.03,80.86,3.57,Low,Sugarcane,Harvest,57.66
34.46,47.64,18.64,Low,Rice,Flowering,68.42
35.33,65.66,0.41,High,Rice,Fruiting,11.5
20.97,47.8,2.65,High,Maize,Harvest,36.92
29.25,62.75,14.2,High,Wheat,Vegetative,57.91
35.09,43.35,7.55,Low,Maize,Fruiting,37.01
29.8,77.71,11.01,High,Sugarcane,Harvest,52.16
32.95,65.98,15.73,High,Sugarcane,Flowering,53.42
28.15,65.16,9.99,Low,Wheat,Seedling,61.6
27.35,54.92,12.09,Moderate,Sugarcane,Fruiting,47.99
20.48,64.36,15.01,Low,Sugarcane,Vegetative,74.15
31.81,77.94,2.8,Moderate,Sugarcane,Vegetative,32.37
38.01,85.18,5.06,Moderate,Sugarcane,Fruiting,34.22
24.09,46.52,19.19,Low,Wheat,Seedling,74.63
21.06,63.25,7.73,High,Sugarcane,Seedling,51.7
27.1,65.63,9.54,Moderate,Rice,Flowering,46.3
26.21,65.34,0.22,Low,Wheat,Harvest,34.43
20.49,50.93,10.42,Low,Sugarcane,Fruiting,54.16
32.26,57.35,6.53,Moderate,Rice,Harvest,41.13
37.67,77.92,8.67,High,Rice,Harvest,44.97
31.33,43.36,19.36,Moderate,Maize,Fruiting,64.24
32.7,47.2,15.24,Low,Rice,Harvest,58.67
27.89,42.09,6.06,Low,Wheat,Fruiting,39.76
28.35,81.3,3.03,High,Cotton,Flowering,41.22
24.21,89.55,3.27,Low,Maize,Fruiting,54.28
24.38,85.76,3.31,High,Sugarcane,Seedling,37.79
29.19,84.97,12.34,Moderate,Sugarcane,Flowering,60.52
30.96,85.07,14.84,High,Maize,Harvest,56.89
33.64,75.83,10.4,Moderate,Cotton,Vegetative,48.34
20.44,64.17,6.56,High,Maize,Fruiting,49.9
39.83,42.56,11.83,Moderate,Rice,Vegetative,41.81
36.89,50.95,19.12,Moderate,Wheat,Seedling,67.0
30.12,60.63,8.0,High,Maize,Flowering,29.99
23.25,64.06,18.57,Low,Maize,Seedling,81.44
36.3,47.7,9.46,Low,Maize,Flowering,34.97
24.71,83.96,9.84,Moderate,Cotton,Vegetative,59.55
36.99,54.32,12.21,Low,Maize,Vegetative,54.13
31.87,82.66,2.01,Low,Rice,Vegetative,43.37
29.85,44.62,19.4,High,Wheat,Seedling,55.22
23.55,46.67,19.67,Moderate,Maize,Harvest,65.84
23.3,55.49,2.0,High,Rice,Seedling,35.24
36.43,49.61,3.4,Moderate,Sugarcane,Seedling,25.5
25.83,81.84,1.43,High,Maize,Vegetative,29.07
32.12,53.0,12.87,High,Cotton,Seedling,49.46
24.48,54.18,7.87,Moderate,Wheat,Fruiting,48.95
27.18,65.44,5.87,High,Sugarcane,Fruiting,40.71
24.7,89.23,6.19,Moderate,Wheat,Vegetative,54.01
34.06,41.84,1.17,Low,Wheat,Seedling,36.85
22.52,76.14,5.65,Moderate,Maize,Harvest,47.08
29.63,60.49,18.6,High,Cotton,Harvest,61.2
34.18,84.78,13.12,Moderate,Wheat,Fruiting,52.02
21.32,41.57,17.06,Moderate,Sugarcane,Vegetative,71.95
29.27,88.33,15.67,Moderate,Sugarcane,Vegetative,76.61
34.91,75.37,13.17,High,Wheat,Seedling,60.56
23.28,52.53,1.86,Moderate,Wheat,Seedling,43.37
24.8,70.2,19.14,Low,Wheat,Fruiting,70.94
20.18,58.04,6.86,High,Maize,Flowering,33.4
29.66,81.22,10.02,Low,Wheat,Flowering,60.57
37.16,77.2,5.47,Moderate,Cotton,Harvest,41.27
32.24,61.75,19.0,Low,Sugarcane,Harvest,74.29
30.78,77.79,0.89,Moderate,Rice,Fruiting,32.1
39.3,43.14,16.59,Moderate,Sugarcane,Harvest,53.15
38.46,81.74,4.46,Moderate,Maize,Seedling,44.63
33.37,68.98,7.9,Low,Cotton,Vegetative,43.03
39.04,62.46,7.94,Moderate,Rice,Seedling,45.81
25.47,80.72,10.93,Moderate,Rice,Harvest,67.78
34.66,78.34,15.76,High,Rice,Fruiting,63.27
24.27,73.06,5.75,Low,Wheat,Fruiting,51.12
26.57,67.25,4.01,High,Sugarcane,Seedling,36.0
24.91,63.99,1.99,High,Maize,Vegetative,35.17
33.44,60.78,18.12,Low,Wheat,Flowering,59.91
38.63,55.47,10.85,High,Rice,Seedling,48.33
37.46,82.65,0.07,Low,Rice,Flowering,37.42
22.27,62.56,2.43,High,Sugarcane,Harvest,29.25
33.36,53.92,1.67,Low,Maize,Vegetative,30.37
23.79,87.25,14.51,High,Rice,Seedling,64.66
26.84,66.1,13.79,Low,Sugarcane,Flowering,56.17
37.07,79.63,8.65,High,Sugarcane,Vegetative,36.94
32.42,64.17,11.73,High,Rice,Vegetative,53.47
38.68,79.04,11.15,Moderate,Sugarcane,Flowering,49.58
23.98,42.1,9.06,Low,Cotton,Flowering,40.65
33.29,58.63,6.77,High,Rice,Flowering,36.64
21.7,82.15,11.89,High,Rice,Harvest,56.62
29.89,89.81,14.52,Moderate,Rice,Harvest,73.95
35.72,71.9,4.92,High,Sugarcane,Flowering,21.44
22.13,86.95,13.3,Low,Maize,Fruiting,80.63
25.61,82.49,19.63,High,Maize,Seedling,78.42
34.77,60.34,0.52,Moderate,Maize,Vegetative,28.82
37.39,86.57,12.06,Low,Maize,Seedling,57.11
25.28,56.69,17.77,Low,Cotton,Vegetative,76.19
21.58,42.45,6.23,High,Cotton,Seedling,45.16
30.98,68.87,13.81,Moderate,Cotton,Flowering,49.87
28.07,86.54,6.24,Moderate,Rice,Flowering,43.54
21.04,43.44,18.98,High,Rice,Seedling,75.22
20.85,80.48,8.12,Low,Maize,Vegetative,65.78
31.22,79.71,1.64,Low,Wheat,Harvest,44.76
22.08,80.61,9.41,High,Wheat,Vegetative,60.03
36.44,74.12,4.77,Moderate,Rice,Harvest,43.58
31.53,76.49,16.84,Moderate,Cotton,Vegetative,61.72
24.22,73.34,3.85,High,Maize,Flowering,30.28
39.47,60.58,11.57,Moderate,Wheat,Harvest,51.75
22.49,61.01,12.97,Moderate,Rice,Seedling,63.33
23.82,52.65,2.56,Low,Cotton,Seedling,50.85
24.98,75.55,4.62,Low,Rice,Seedling,56.79
22.66,50.91,19.19,High,Rice,Vegetative,71.84
36.6,40.69,2.14,Low,Sugarcane,Vegetative,20.99
32.96,46.16,7.38,Moderate,Sugarcane,Harvest,40.6
28.87,50.08,12.7,Low,Sugarcane,Flowering,49.88
33.32,87.34,4.86,Moderate,Maize,Fruiting,33.02
20.06,63.18,1.23,Low,Sugarcane,Harvest,41.24
28.27,84.07,2.81,Moderate,Wheat,Fruiting,43.09
29.46,78.13,1.31,Moderate,Maize,Flowering,35.06
28.99,74.42,5.51,Moderate,Sugarcane,Flowering,35.82
24.41,85.24,0.34,Low,Sugarcane,Fruiting,37.29
38.97,65.48,18.68,Low,Maize,Flowering,64.92
33.8,53.59,13.17,Moderate,Sugarcane,Seedling,47.02
39.14,45.36,17.98,Moderate,Wheat,Harvest,61.55
31.49,86.22,18.44,High,Sugarcane,Harvest,62.3
39.17,56.37,13.79,High,Sugarcane,Harvest,42.37
29.62,49.37,14.65,High,Sugarcane,Flowering,51.48
25.44,49.97,8.04,High,Cotton,Harvest,39.04
27.6,71.23,17.81,Moderate,Rice,Flowering,66.18
35.18,66.62,9.86,Moderate,Cotton,Seedling,52.57
22.06,84.8,4.63,Low,Wheat,Fruiting,51.58
39.92,43.63,13.62,High,Sugarcane,Vegetative,35.65
24.29,58.54,0.73,Low,Cotton,Fruiting,28.66
25.61,69.43,9.0,Low,Rice,Flowering,61.92
32.24,44.68,5.01,High,Cotton,Vegetative,20.34
33.78,67.05,13.15,High,Rice,Fruiting,52.09
24.33,60.59,6.61,Low,Cotton,Harvest,47.92
31.51,40.0,13.93,Moderate,Sugarcane,Harvest,54.57
20.54,44.88,12.54,Low,Maize,Vegetative,58.37
23.14,76.87,14.65,Low,Wheat,Vegetative,69.9
29.22,73.08,4.51,Low,Rice,Seedling,53.08
34.48,58.33,15.13,Moderate,Sugarcane,Vegetative,60.21
36.67,47.95,7.56,Low,Maize,Seedling,43.21
33.69,84.65,2.17,Low,Wheat,Seedling,38.68
22.17,51.46,16.25,Moderate,Cotton,Harvest,73.59
30.62,85.05,11.83,High,Maize,Fruiting,46.56
39.94,66.64,11.35,Moderate,Sugarcane,Vegetative,48.79
35.89,53.96,5.2,Low,Rice,Vegetative,36.41
27.51,66.77,18.54,High,Rice,Vegetative,74.22
24.59,75.01,18.99,Low,Cotton,Fruiting,77.92
32.99,75.62,16.33,Low,Cotton,Vegetative,71.84
24.64,46.32,18.16,High,Cotton,Harvest,69.29
24.83,67.61,6.78,High,Rice,Flowering,36.51
30.98,81.41,0.88,Moderate,Wheat,Vegetative,40.42
24.41,71.81,10.36,High,Sugarcane,Seedling,54.56
32.68,44.01,15.2,Moderate,Wheat,Flowering,58.38
26.75,41.66,0.23,Low,Rice,Seedling,25.94
23.3,77.11,12.74,Low,Rice,Vegetative,71.21
36.11,61.95,17.89,High,Maize,Seedling,64.65
34.97,70.24,14.38,Moderate,Maize,Fruiting,57.49
35.89,65.2,5.8,Moderate,Maize,Vegetative,30.97
36.26,70.02,11.53,Moderate,Maize,Fruiting,47.72
35.36,47.53,16.49,Moderate,Cotton,Harvest,60.86
26.28,63.44,10.14,Moderate,Rice,Seedling,57.9
20.06,53.06,4.91,Moderate,Maize,Seedling,44.46
30.32,66.5,8.1,High,Rice,Vegetative,41.12
35.95,65.58,19.81,Moderate,Rice,Flowering,61.46
23.4,68.84,14.59,High,Rice,Fruiting,51.88
24.16,60.51,17.12,High,Sugarcane,Harvest,63.17
39.97,78.62,15.57,High,Wheat,Vegetative,47.9
25.36,42.35,2.45,Moderate,Maize,Harvest,25.8
31.12,66.46,0.1,High,Maize,Vegetative,25.02
29.47,84.02,4.98,Low,Sugarcane,Vegetative,52.04
21.28,53.39,3.1,Low,Wheat,Fruiting,42.72
25.9,48.54,11.43,High,Maize,Fruiting,40.75
20.41,83.97,15.13,Low,Maize,Harvest,80.04
22.08,88.04,5.04,Moderate,Rice,Fruiting,46.5
39.64,59.49,7.09,Moderate,Maize,Seedling,32.72
35.77,76.06,7.38,High,Wheat,Flowering,30.5
37.31,76.46,13.37,Moderate,Sugarcane,Flowering,51.08
25.6,54.53,11.51,High,Cotton,Seedling,56.55
34.62,58.42,11.12,High,Cotton,Vegetative,48.58
25.51,76.27,2.69,High,Rice,Flowering,25.99
33.74,42.88,17.06,Low,Wheat,Vegetative,57.75
35.3,57.75,16.57,Moderate,Cotton,Flowering,61.67
22.44,76.42,16.13,Low,Rice,Seedling,84.84
29.09,63.32,17.57,Low,Cotton,Seedling,77.08
23.97,69.67,12.62,Low,Sugarcane,Vegetative,62.64
32.88,89.97,0.78,Moderate,Rice,Seedling,45.7
38.36,70.59,10.1,Moderate,Sugarcane,Seedling,48.1
30.01,60.36,11.05,High,Rice,Seedling,55.99
24.17,41.33,16.21,High,Rice,Flowering,58.18
22.24,46.4,11.94,Low,Wheat,Fruiting,54.74
32.74,64.87,14.59,High,Rice,Fruiting,57.03
37.65,74.01,7.84,High,Maize,Vegetative,44.51
21.53,70.18,16.17,High,Cotton,Flowering,58.15
25.84,51.57,10.6,Moderate,Rice,Harvest,46.35
39.94,49.74,16.3,Low,Wheat,Harvest,59.46
22.96,52.01,5.5,Moderate,Sugarcane,Seedling,38.81
38.68,74.77,17.15,Moderate,Wheat,Harvest,63.79
38.81,42.14,7.34,Low,Maize,Vegetative,36.62
27.91,61.77,15.81,Low,Cotton,Seedling,65.85
22.58,79.02,0.36,Low,Wheat,Seedling,47.76
24.06,59.53,17.69,Low,Rice,Fruiting,66.99
29.11,56.02,14.9,Low,Wheat,Vegetative,61.36
26.81,42.6,8.6,High,Wheat,Fruiting,36.4
29.71,82.37,8.49,High,Wheat,Harvest,43.99
30.49,53.19,14.99,Low,Rice,Vegetative,60.41
31.09,79.69,19.7,Low,Maize,Flowering,73.17
37.26,85.64,14.73,High,Wheat,Fruiting,46.03
24.67,58.72,14.48,Low,Rice,Flowering,63.96
33.88,70.28,0.95,Moderate,Cotton,Harvest,33.39
36.07,54.29,3.64,Low,Sugarcane,Flowering,31.77
23.31,77.81,14.12,High,Sugarcane,Harvest,65.92
27.52,79.03,5.93,High,Cotton,Harvest,47.68
33.52,78.05,17.08,Low,Cotton,Flowering,63.5
35.67,68.96,12.74,High,Wheat,Vegetative,46.47
22.06,41.06,10.01,Moderate,Cotton,Harvest,55.37
37.14,87.66,17.81,Low,Wheat,Vegetative,71.48
22.83,88.46,8.08,High,Rice,Fruiting,53.01
20.46,67.9,3.1,High,Rice,Fruiting,40.04
39.45,41.53,8.84,High,Wheat,Flowering,26.33
39.89,51.41,12.13,Moderate,Cotton,Flowering,42.6
37.97,66.01,13.15,High,Rice,Flowering,48.61
37.95,88.0,17.75,Low,Wheat,Harvest,75.85
26.83,67.46,16.98,Low,Sugarcane,Harvest,79.34
30.89,47.33,13.22,Low,Cotton,Fruiting,54.74
26.89,71.52,18.47,Low,Rice,Harvest,79.29
28.52,73.6,13.71,Low,Wheat,Harvest,65.45
26.74,86.19,2.4,Low,Maize,Fruiting,45.41
24.81,79.81,6.21,High,Maize,Seedling,54.43
36.65,48.21,15.05,Low,Rice,Harvest,56.2
27.81,84.26,1.25,Low,Rice,Fruiting,40.84
21.5,73.42,16.29,Moderate,Rice,Seedling,83.79
27.5,42.8,12.97,Low,Maize,Harvest,51.54
34.75,42.72,8.16,Low,Cotton,Vegetative,47.92
38.99,72.1,12.54,Low,Maize,Vegetative,59.23
25.4,84.79,8.81,High,Maize,Fruiting,44.1
34.29,62.45,2.79,Moderate,Sugarcane,Vegetative,32.98
26.89,67.77,1.84,Moderate,Sugarcane,Fruiting,39.64
39.64,68.27,18.65,Low,Maize,Seedling,69.16
30.48,66.68,1.34,Low,Wheat,Vegetative,36.83
21.78,46.63,18.63,Moderate,Wheat,Vegetative,69.07
39.22,45.44,10.89,Low,Sugarcane,Seedling,42.49
39.92,85.38,13.56,Low,Cotton,Vegetative,54.52
22.25,77.52,4.76,High,Maize,Vegetative,44.41
30.92,88.82,7.52,Low,Wheat,Fruiting,46.64
33.36,54.84,5.29,Low,Wheat,Harvest,37.57
22.82,59.78,10.21,Low,Sugarcane,Flowering,53.7
21.06,62.59,13.64,Low,Sugarcane,Fruiting,67.48
38.55,85.25,14.82,Moderate,Cotton,Vegetative,67.98
21.5,81.7,12.78,Moderate,Cotton,Harvest,74.66
22.05,49.67,10.39,Moderate,Wheat,Harvest,54.86
34.69,64.57,14.62,High,Sugarcane,Vegetative,56.91
37.33,51.58,16.45,Low,Rice,Harvest,55.64
33.63,55.92,0.58,Low,Cotton,Fruiting,33.5
20.46,79.28,11.77,High,Sugarcane,Fruiting,61.2
39.89,62.68,14.0,Moderate,Sugarcane,Vegetative,58.1
30.37,80.38,17.2,Low,Maize,Seedling,76.68
22.87,72.95,3.42,Low,Maize,Flowering,48.9
21.72,59.67,17.47,Moderate,Rice,Flowering,69.58
28.95,45.25,5.3,High,Wheat,Seedling,33.44
35.4,48.71,19.63,Low,Maize,Harvest,66.85
29.13,69.71,0.79,High,Cotton,Flowering,20.11
32.47,67.09,15.67,Low,Wheat,Vegetative,73.9
20.76,56.54,0.68,High,Wheat,Harvest,29.78
34.38,75.84,5.02,Moderate,Wheat,Flowering,42.41
26.75,76.77,10.24,High,Rice,Seedling,51.7
29.04,67.28,9.16,Low,Sugarcane,Seedling,55.82
23.58,84.76,8.03,Moderate,Sugarcane,Vegetative,58.86
39.44,49.34,18.68,Moderate,Maize,Fruiting,58.83
39.27,43.17,12.56,Moderate,Sugarcane,Harvest,43.68
27.69,47.5,12.47,Moderate,Cotton,Fruiting,53.03
23.08,81.7,6.4,High,Wheat,Fruiting,53.03
20.76,72.17,6.37,High,Rice,Fruiting,46.35
33.65,79.62,7.37,High,Maize,Seedling,46.8
37.36,77.78,7.8,High,Cotton,Flowering,38.58
31.38,41.53,2.5,Moderate,Cotton,Vegetative,31.31
26.85,58.73,5.02,High,Sugarcane,Fruiting,33.68
23.92,57.65,16.3,Moderate,Wheat,Vegetative,70.16
22.66,66.64,11.52,Moderate,Sugarcane,Vegetative,67.07
23.89,88.02,18.48,Low,Maize,Fruiting,77.58
21.59,74.03,6.56,High,Maize,Fruiting,39.22
38.9,59.45,19.37,Low,Sugarcane,Harvest,63.88
33.89,57.17,12.16,High,Maize,Seedling,43.37
39.83,65.22,11.2,Moderate,Maize,Flowering,34.75
32.92,65.95,19.13,High,Maize,Seedling,68.29
35.12,78.65,5.75,Moderate,Wheat,Seedling,39.26
32.56,46.0,13.51,High,Cotton,Seedling,55.3
22.26,64.06,9.68,Low,Wheat,Harvest,67.03
26.67,51.8,15.87,Low,Maize,Vegetative,66.43
21.76,54.68,2.15,Moderate,Wheat,Seedling,35.19
23.47,70.97,4.29,Moderate,Sugarcane,Harvest,39.51
35.98,62.37,6.35,Low,Cotton,Flowering,46.14
22.99,83.21,16.05,Moderate,Rice,Seedling,82.3
23.55,59.15,10.58,Low,Cotton,Harvest,60.75
21.2,76.63,2.63,Moderate,Rice,Flowering,39.59
24.7,65.71,11.16,Moderate,Sugarcane,Vegetative,64.75
38.7,67.87,18.26,Moderate,Sugarcane,Seedling,72.86
37.28,69.18,8.31,Moderate,Cotton,Fruiting,35.68
37.25,46.91,14.12,High,Maize,Flowering,41.0
26.79,69.42,19.29,Moderate,Cotton,Flowering,66.68
22.58,87.9,18.21,Low,Sugarcane,Flowering,75.77
38.65,40.31,0.79,Low,Maize,Flowering,20.14
31.73,83.92,1.45,Low,Wheat,Seedling,48.77
37.37,43.46,0.11,Moderate,Sugarcane,Seedling,19.73
32.67,61.28,14.76,High,Rice,Flowering,46.57
37.02,66.24,7.66,High,Cotton,Fruiting,26.41
39.26,74.52,18.73,Moderate,Sugarcane,Fruiting,65.66
25.85,60.66,14.94,Low,Maize,Harvest,77.14
34.07,85.96,5.76,Low,Cotton,Vegetative,55.09
23.46,67.17,16.33,High,Wheat,Vegetative,71.69
22.53,70.33,17.57,High,Rice,Flowering,68.71
21.18,76.91,17.71,High,Wheat,Fruiting,66.29
23.2,75.88,9.26,Low,Cotton,Vegetative,67.85
28.08,75.31,13.3,Low,Wheat,Flowering,64.07
26.42,77.34,7.26,High,Maize,Fruiting,37.21
23.1,68.56,0.65,Low,Cotton,Seedling,44.69
35.51,73.49,9.07,High,Cotton,Vegetative,46.27
27.85,67.47,3.63,Moderate,Rice,Fruiting,30.76
29.14,50.75,8.86,High,Wheat,Harvest,42.89
39.33,87.83,18.52,Moderate,Wheat,Vegetative,64.11
39.1,85.48,4.28,Moderate,Wheat,Seedling,43.5
35.99,72.86,11.7,High,Maize,Vegetative,48.66
22.88,84.84,6.5,Moderate,Wheat,Harvest,61.14
30.8,56.01,18.79,Moderate,Sugarcane,Seedling,69.33
32.89,76.86,17.65,Low,Wheat,Fruiting,67.21
38.84,68.55,5.22,Moderate,Cotton,Fruiting,32.76
34.5,49.02,8.94,High,Sugarcane,Seedling,32.76
23.49,43.49,1.11,Low,Cotton,Fruiting,35.85
38.21,75.94,4.28,High,Maize,Vegetative,31.9
31.17,85.75,4.86,Low,Rice,Seedling,46.64
27.29,76.46,14.52,Low,Cotton,Vegetative,66.82
37.67,53.27,11.08,High,Sugarcane,Harvest,39.28
37.27,61.92,13.67,High,Maize,Harvest,45.55
24.74,66.75,18.49,Low,Wheat,Seedling,78.36
26.04,86.13,12.91,High,Cotton,Flowering,52.16
21.33,81.76,3.26,Low,Cotton,Seedling,48.0
22.98,68.86,15.58,High,Cotton,Flowering,64.17
21.85,49.94,5.54,High,Cotton,Vegetative,31.6
36.46,85.58,11.53,Moderate,Rice,Vegetative,58.86
30.0,70.43,2.3,Moderate,Rice,Vegetative,39.9
22.31,47.87,17.33,High,Sugarcane,Fruiting,59.1
33.2,42.68,12.12,High,Rice,Seedling,37.71
28.05,46.48,3.61,Low,Cotton,Seedling,39.59
34.46,73.09,18.51,Moderate,Wheat,Vegetative,75.89
34.94,50.7,5.87,Low,Sugarcane,Fruiting,32.57
30.72,73.02,9.11,High,Maize,Harvest,40.03
35.29,54.1,2.01,Moderate,Rice,Harvest,29.35
32.51,47.03,6.74,Low,Cotton,Flowering,45.64
23.0,54.34,2.58,High,Wheat,Flowering,36.49
27.0,59.02,15.82,High,Rice,Vegetative,63.36
31.38,57.26,15.58,High,Sugarcane,Seedling,61.77
24.58,62.69,2.84,Low,Sugarcane,Flowering,41.19
30.79,59.37,15.25,Low,Wheat,Seedling,63.88
21.5,77.13,3.12,Low,Sugarcane,Seedling,52.56
27.24,48.1,4.62,Moderate,Maize,Seedling,33.46
32.39,62.16,14.43,Low,Sugarcane,Fruiting,65.27
20.45,51.41,2.53,Moderate,Cotton,Seedling,38.11
25.22,83.2,16.56,High,Rice,Vegetative,73.44
37.33,41.62,1.17,Low,Cotton,Flowering,26.72
28.11,64.82,18.28,High,Sugarcane,Flowering,60.95
35.74,71.15,7.42,High,Maize,Flowering,30.64
36.87,87.29,5.03,Low,Wheat,Flowering,42.14
20.05,42.21,1.19,Low,Cotton,Seedling,32.86
20.53,85.57,15.85,High,Wheat,Seedling,74.31
25.52,87.16,9.78,Moderate,Cotton,Seedling,63.96
30.34,80.62,13.4,Moderate,Rice,Vegetative,64.88
37.37,45.41,6.85,Low,Sugarcane,Seedling,34.92
20.85,62.65,4.93,Moderate,Wheat,Flowering,36.24
20.96,83.51,7.22,High,Maize,Fruiting,45.97
36.02,48.75,14.08,Low,Rice,Harvest,54.75
26.98,82.97,13.53,Moderate,Sugarcane,Fruiting,64.61
29.92,50.23,11.23,Moderate,Wheat,Vegetative,51.55
23.13,80.49,18.77,Moderate,Sugarcane,Fruiting,75.93
22.98,57.66,1.28,Low,Wheat,Fruiting,29.03
21.15,53.3,8.3,Low,Maize,Flowering,54.36
20.5,43.39,2.33,Moderate,Cotton,Fruiting,34.41
22.49,52.62,0.39,High,Maize,Harvest,23.43
35.37,67.6,16.41,High,Maize,Harvest,49.13
24.99,89.87,1.32,Low,Rice,Flowering,46.64
30.04,80.39,5.95,High,Sugarcane,Fruiting,42.71
30.58,64.64,4.47,Low,Wheat,Fruiting,41.21
33.7,80.68,7.64,High,Maize,Seedling,43.63
27.64,44.98,4.33,Moderate,Rice,Fruiting,30.59
25.32,51.66,3.48,Moderate,Sugarcane,Vegetative,32.27
33.78,65.77,11.82,Moderate,Cotton,Harvest,59.3
39.91,62.3,0.29,High,Maize,Vegetative,22.53
36.96,87.79,2.79,Low,Sugarcane,Seedling,44.16
36.4,67.03,3.43,Low,Sugarcane,Seedling,44.99
33.22,72.96,12.62,High,Maize,Seedling,59.67
38.04,67.29,19.46,Low,Wheat,Flowering,70.52
35.02,68.58,11.91,High,Sugarcane,Vegetative,54.12
21.67,62.22,0.45,High,Cotton,Harvest,38.75
38.56,65.41,16.31,Low,Cotton,Fruiting,65.96
26.08,46.91,15.16,Moderate,Maize,Harvest,60.77
38.54,68.55,8.81,High,Maize,Fruiting,41.04
30.78,43.09,0.51,High,Rice,Fruiting,14.01
29.47,44.68,16.85,Low,Sugarcane,Harvest,59.26
31.91,44.58,12.96,Low,Wheat,Harvest,61.61
33.49,69.52,15.83,High,Sugarcane,Harvest,64.35
23.01,76.31,7.84,High,Sugarcane,Seedling,49.01
31.78,51.47,2.36,Low,Cotton,Fruiting,24.01
28.54,64.72,11.04,Low,Wheat,Fruiting,52.42
37.88,74.55,11.16,Moderate,Sugarcane,Flowering,40.33
38.62,69.05,17.18,High,Sugarcane,Vegetative,53.3
20.9,70.24,8.43,High,Maize,Harvest,49.92
30.94,76.02,18.71,Moderate,Rice,Flowering,68.46
26.25,43.24,0.23,High,Maize,Seedling,21.65
23.2,86.67,11.6,Low,Sugarcane,Flowering,68.64
22.5,65.13,11.48,Low,Maize,Harvest,64.2
33.93,51.4,0.82,Moderate,Wheat,Flowering,18.4
23.03,89.38,10.54,High,Cotton,Seedling,61.38
32.46,43.17,6.0,Low,Rice,Harvest,45.52
39.88,52.41,13.22,High,Wheat,Vegetative,45.34
22.16,50.67,14.39,Low,Maize,Vegetative,75.83
20.88,52.73,11.13,Low,Sugarcane,Flowering,63.08
34.01,85.5,7.21,Moderate,Maize,Fruiting,38.62
22.49,44.87,6.36,Low,Wheat,Flowering,40.84
35.75,60.82,16.9,Moderate,Sugarcane,Seedling,67.18
22.54,52.93,10.76,High,Rice,Harvest,51.18
38.15,40.14,8.01,High,Wheat,Seedling,26.49
28.86,60.68,16.96,Low,Wheat,Flowering,69.39
38.38,71.33,18.94,High,Sugarcane,Harvest,63.97
32.35,85.76,13.98,High,Sugarcane,Harvest,60.4
26.23,65.34,11.34,High,Rice,Flowering,46.01
25.22,55.68,13.2,Low,Rice,Harvest,58.72
31.98,49.03,16.9,Moderate,Maize,Vegetative,63.46
27.63,74.74,7.03,Low,Sugarcane,Seedling,55.54
34.56,51.35,11.92,High,Sugarcane,Vegetative,41.72
24.97,88.79,12.95,Low,Cotton,Harvest,70.31
27.45,42.79,9.71,Low,Rice,Harvest,53.74
31.45,80.35,5.97,High,Maize,Vegetative,33.83
38.41,89.93,13.65,Moderate,Cotton,Harvest,59.24
29.95,42.5,15.78,Moderate,Wheat,Seedling,64.63
38.63,55.74,17.3,Moderate,Sugarcane,Flowering,54.48
20.58,62.53,19.06,Moderate,Wheat,Vegetative,82.73
36.11,41.44,2.62,Moderate,Maize,Fruiting,25.32
35.67,82.71,3.69,Moderate,Maize,Flowering,27.26
27.93,56.7,12.16,Low,Rice,Seedling,65.53
33.51,48.01,3.73,Low,Wheat,Flowering,25.7
35.24,62.6,19.29,Moderate,Sugarcane,Flowering,61.45
35.28,70.66,7.8,Low,Rice,Vegetative,45.63
39.67,44.62,18.21,High,Maize,Harvest,55.46
32.79,89.67,0.12,High,Rice,Seedling,31.53
30.33,59.8,14.22,High,Wheat,Vegetative,59.95
23.46,69.78,18.84,Moderate,Rice,Flowering,72.75
39.88,60.43,5.26,Low,Sugarcane,Seedling,33.15
22.22,48.23,4.08,Moderate,Wheat,Fruiting,33.14
28.6,74.82,14.59,High,Rice,Fruiting,57.53
39.47,71.78,7.37,Moderate,Cotton,Vegetative,37.13
22.47,67.87,15.02,High,Maize,Flowering,58.22
35.05,87.5,0.94,High,Sugarcane,Flowering,22.17
27.35,72.61,6.77,Low,Wheat,Seedling,49.58
38.89,47.71,14.26,Moderate,Maize,Harvest,50.41
34.73,88.86,13.64,High,Rice,Fruiting,52.9
35.47,78.21,4.86,Moderate,Wheat,Fruiting,30.49
23.83,81.63,10.78,High,Wheat,Seedling,66.5
27.07,40.63,10.86,Low,Cotton,Fruiting,56.82
36.53,52.75,14.3,Low,Rice,Fruiting,54.8
35.86,51.48,14.38,High,Wheat,Flowering,45.38
24.59,82.39,17.62,Low,Rice,Seedling,85.04
34.3,59.82,9.48,Moderate,Cotton,Seedling,52.84
26.91,48.61,5.08,High,Maize,Flowering,25.42
21.07,66.59,16.39,Moderate,Rice,Fruiting,70.82
24.35,75.23,11.05,Low,Maize,Vegetative,68.7
22.47,66.83,19.21,High,Maize,Harvest,77.1
36.08,68.39,8.51,High,Cotton,Harvest,43.8
37.7,78.22,11.98,Moderate,Maize,Fruiting,50.92
22.66,63.97,5.48,Moderate,Wheat,Flowering,41.15
20.73,44.48,14.58,High,Cotton,Fruiting,57.2
23.5,46.61,4.07,High,Wheat,Harvest,32.33
30.43,51.91,15.85,Low,Rice,Harvest,65.1
27.84,80.85,18.87,High,Wheat,Vegetative,72.77
30.29,42.47,11.56,Low,Wheat,Vegetative,46.88
36.32,40.75,4.6,Low,Rice,Seedling,37.36
27.72,61.7,2.29,Low,Cotton,Harvest,43.12
31.16,80.1,9.62,Moderate,Rice,Seedling,57.03
36.36,49.47,7.67,Low,Maize,Seedling,50.3
24.7,67.65,18.57,High,Wheat,Seedling,73.82
35.1,79.31,5.53,High,Wheat,Vegetative,33.92
28.17,89.12,6.33,High,Rice,Seedling,41.18
34.67,89.73,9.14,Moderate,Wheat,Seedling,53.21
36.31,87.17,19.05,High,Sugarcane,Fruiting,69.36
26.63,85.15,0.92,Moderate,Sugarcane,Fruiting,32.56
21.48,85.25,7.86,Moderate,Maize,Seedling,65.03
34.08,84.59,18.85,Moderate,Rice,Fruiting,70.25
22.01,70.71,18.45,High,Maize,Harvest,72.71
30.46,40.75,15.46,Low,Sugarcane,Fruiting,57.64
25.88,47.04,10.69,High,Cotton,Harvest,44.41
27.77,62.96,0.31,Low,Cotton,Fruiting,33.28
30.4,71.76,2.37,High,Sugarcane,Harvest,24.58
20.61,80.14,8.58,Moderate,Sugarcane,Seedling,63.54
37.94,41.17,11.89,Low,Rice,Seedling,43.28
37.62,78.2,7.17,High,Cotton,Harvest,39.08
37.45,59.01,6.05,Low,Cotton,Seedling,46.23
39.61,68.58,18.69,Low,Sugarcane,Flowering,62.37
26.29,87.87,9.21,Moderate,Maize,Seedling,64.33
22.76,54.84,12.04,Low,Rice,Harvest,66.5
36.7,67.57,5.61,High,Cotton,Fruiting,35.29
28.71,48.85,2.82,Moderate,Maize,Harvest,33.29
28.99,80.56,17.63,Moderate,Maize,Flowering,76.42
22.1,67.68,13.62,Moderate,Sugarcane,Seedling,65.69
35.59,46.32,16.9,Low,Wheat,Flowering,57.56
20.0,68.73,18.76,Low,Rice,Fruiting,76.4
34.08,57.11,5.5,Low,Sugarcane,Vegetative,36.35
22.72,82.38,9.4,Low,Cotton,Vegetative,72.93
32.22,84.37,17.71,Moderate,Rice,Seedling,67.92
30.4,87.27,16.34,Low,Wheat,Flowering,76.28
24.81,46.81,8.39,Moderate,Cotton,Flowering,34.75
21.32,79.32,18.86,High,Rice,Seedling,73.09
27.44,40.05,3.56,Moderate,Rice,Seedling,30.93
28.55,77.38,0.87,Moderate,Wheat,Fruiting,25.14
31.39,49.98,0.66,Low,Sugarcane,Harvest,27.36
20.29,87.85,5.13,High,Rice,Harvest,51.59
26.25,75.57,13.98,Low,Wheat,Harvest,71.78
28.26,67.77,4.27,Moderate,Maize,Vegetative,42.64
25.58,63.61,2.31,High,Rice,Harvest,37.39
30.29,47.06,9.48,Moderate,Cotton,Seedling,42.15
35.41,78.67,0.71,Moderate,Rice,Vegetative,28.46
31.23,70.54,4.44,Low,Rice,Fruiting,47.22
24.27,84.08,15.81,Moderate,Sugarcane,Flowering,70.97
37.63,52.1,17.43,Low,Sugarcane,Harvest,55.84
37.24,88.95,8.71,High,Sugarcane,Fruiting,36.16
30.96,89.49,19.93,Moderate,Cotton,Harvest,75.05
26.07,48.84,16.0,Moderate,Maize,Fruiting,65.64
30.8,56.54,1.06,Moderate,Maize,Seedling,28.95
28.98,56.78,1.6,Moderate,Wheat,Vegetative,32.4
34.58,40.49,0.68,Moderate,Maize,Seedling,14.66
32.58,55.47,0.55,High,Rice,Vegetative,14.38
21.67,45.01,15.58,Moderate,Rice,Harvest,72.22
20.38,56.43,5.9,Moderate,Sugarcane,Seedling,52.59
23.54,71.69,8.12,High,Maize,Vegetative,46.58
38.4,53.4,18.81,High,Wheat,Seedling,63.97
33.34,49.11,18.02,High,Maize,Seedling,50.87
37.2,77.98,13.99,Low,Rice,Flowering,53.19
24.29,75.97,3.66,Moderate,Cotton,Flowering,40.45
37.81,56.99,8.76,Low,Sugarcane,Seedling,51.36
34.08,82.23,9.27,High,Rice,Flowering,46.13
31.8,58.31,0.56,Low,Rice,Seedling,26.44
27.85,87.87,12.44,Moderate,Rice,Vegetative,68.49
31.58,40.15,6.96,Low,Wheat,Fruiting,29.82
32.23,88.62,5.68,Low,Cotton,Flowering,50.33
38.2,87.77,19.81,Moderate,Cotton,Harvest,79.62
39.2,57.96,15.2,Low,Maize,Harvest,55.92
20.91,59.4,0.67,Moderate,Sugarcane,Harvest,43.62
20.26,40.96,11.42,High,Rice,Seedling,52.95
34.34,63.88,0.88,High,Wheat,Fruiting,18.64
33.89,46.27,17.8,Low,Wheat,Harvest,70.5
26.14,74.94,19.73,Low,Rice,Seedling,84.26
29.17,77.94,16.93,Moderate,Maize,Seedling,68.78
32.66,81.42,1.46,Low,Sugarcane,Flowering,32.59
37.98,49.18,2.12,High,Maize,Vegetative,19.35
32.55,73.07,11.45,Low,Wheat,Vegetative,56.99
37.12,43.49,14.74,Low,Cotton,Seedling,59.07
37.85,81.95,0.93,Low,Rice,Harvest,36.24
28.28,52.66,0.28,Low,Rice,Fruiting,27.07
24.4,46.8,18.55,Moderate,Maize,Fruiting,62.68
37.53,68.13,15.8,High,Sugarcane,Flowering,55.89
37.21,44.39,11.87,High,Sugarcane,Flowering,29.34
20.93,87.66,4.81,High,Wheat,Seedling,57.29
22.83,58.5,10.41,Low,Maize,Fruiting,64.92
37.8,74.75,2.52,Moderate,Rice,Seedling,38.55
36.84,51.28,15.04,Low,Wheat,Vegetative,56.9
39.15,44.95,15.91,High,Wheat,Seedling,45.81
38.21,79.28,10.45,Moderate,Rice,Flowering,47.25
28.67,78.64,10.06,Low,Cotton,Flowering,55.11
31.01,76.52,17.61,High,Sugarcane,Fruiting,56.57
33.81,59.09,10.34,High,Rice,Flowering,45.1
29.58,78.28,13.99,Low,Rice,Harvest,77.26
32.17,47.73,18.17,Moderate,Wheat,Harvest,58.97
39.23,55.55,1.07,Low,Cotton,Vegetative,21.32
35.08,48.13,1.08,High,Wheat,Harvest,14.46
22.55,86.33,19.59,Low,Wheat,Seedling,87.99
25.55,64.36,5.58,Low,Wheat,Harvest,54.11
21.32,88.7,19.13,High,Cotton,Vegetative,83.86
33.46,76.79,14.7,Low,Rice,Vegetative,75.27
25.54,75.72,2.99,Low,Wheat,Fruiting,43.83
37.01,46.36,17.52,Low,Maize,Vegetative,54.51
35.54,46.53,1.87,Moderate,Rice,Fruiting,15.7
23.94,74.11,16.5,Moderate,Cotton,Vegetative,80.34
28.8,62.98,7.96,High,Rice,Harvest,42.96
22.64,43.55,0.46,Low,Cotton,Seedling,35.62
37.67,74.29,14.85,Moderate,Maize,Fruiting,60.66
20.82,87.24,11.64,High,Wheat,Seedling,73.23
20.58,52.4,19.31,High,Maize,Seedling,74.66
27.84,47.54,1.62,Low,Rice,Fruiting,30.34
30.02,58.34,11.14,Moderate,Sugarcane,Fruiting,47.36
35.06,84.55,7.66,High,Sugarcane,Vegetative,36.51
30.24,59.69,7.23,Moderate,Cotton,Flowering,44.08
35.66,55.03,0.72,Moderate,Sugarcane,Vegetative,26.52
32.09,49.43,4.49,Moderate,Maize,Seedling,31.87
32.09,48.36,3.8,Low,Sugarcane,Vegetative,35.14
36.68,44.42,19.37,Moderate,Wheat,Fruiting,59.24
38.39,76.94,18.82,High,Maize,Flowering,61.55
22.03,65.73,10.26,Low,Cotton,Fruiting,66.85
31.88,74.36,1.96,High,Sugarcane,Vegetative,32.35
34.49,85.37,14.22,High,Cotton,Harvest,61.23
25.27,50.05,6.78,Low,Wheat,Flowering,51.87
39.48,49.33,7.31,Low,Maize,Harvest,34.07
24.91,87.46,18.99,Low,Wheat,Seedling,82.35
36.69,82.42,10.58,Moderate,Rice,Flowering,56.33
25.34,83.18,15.57,Moderate,Cotton,Flowering,68.93
35.92,60.07,14.24,High,Maize,Flowering,52.76
27.21,52.0,7.41,Moderate,Maize,Fruiting,38.32
34.56,78.85,7.65,Low,Sugarcane,Vegetative,58.33
22.53,48.85,5.71,Low,Cotton,Seedling,51.36
38.51,86.84,18.34,Moderate,Cotton,Seedling,76.63
23.71,59.96,2.85,Moderate,Cotton,Fruiting,33.64
36.88,49.09,17.07,Low,Rice,Fruiting,63.7
25.52,51.98,15.54,High,Rice,Flowering,49.27
22.45,80.68,1.05,High,Maize,Harvest,38.89
24.96,84.86,18.82,Low,Maize,Flowering,88.07
24.27,80.48,9.06,Moderate,Wheat,Fruiting,50.28
39.22,74.03,0.36,High,Rice,Fruiting,23.67
36.44,85.99,2.84,Low,Rice,Flowering,41.57
28.93,85.81,11.14,Moderate,Wheat,Vegetative,58.91
39.39,53.97,17.93,Moderate,Cotton,Fruiting,50.28
36.88,72.52,13.57,Low,Rice,Fruiting,52.21
39.3,83.48,18.68,High,Rice,Harvest,62.27
26.83,77.1,2.95,Moderate,Sugarcane,Fruiting,32.27
28.6,74.1,8.13,Low,Sugarcane,Seedling,52.02
38.22,72.29,0.93,High,Maize,Vegetative,27.18
38.65,43.14,18.55,Moderate,Maize,Harvest,59.36
20.91,41.27,3.04,High,Wheat,Vegetative,24.39
23.73,63.16,16.93,Low,Rice,Fruiting,64.63
26.02,88.38,13.85,Low,Wheat,Fruiting,71.63
32.55,44.34,19.87,Low,Wheat,Seedling,67.15
32.45,57.55,3.08,Moderate,Wheat,Seedling,35.7
23.73,76.31,17.12,Low,Maize,Vegetative,84.08
39.33,57.61,17.87,High,Wheat,Vegetative,48.51
23.02,74.66,16.29,Low,Cotton,Vegetative,85.12
32.07,48.72,5.75,Moderate,Wheat,Flowering,27.22
24.53,61.34,10.15,Low,Sugarcane,Fruiting,49.57
20.98,88.81,0.91,Low,Sugarcane,Harvest,50.83
39.19,78.22,16.14,Low,Sugarcane,Seedling,62.2
29.83,47.8,2.0,High,Cotton,Vegetative,30.16
31.17,68.01,19.24,High,Rice,Fruiting,65.45
36.84,61.74,14.15,Moderate,Cotton,Flowering,54.65
29.57,56.22,15.08,Low,Wheat,Vegetative,73.06
39.28,89.11,19.65,Low,Wheat,Harvest,69.81
22.12,70.37,5.08,Low,Maize,Harvest,61.44
37.16,68.3,14.35,High,Wheat,Vegetative,55.08
27.07,42.86,3.66,High,Maize,Vegetative,26.2
20.99,59.48,16.66,High,Sugarcane,Vegetative,59.77
32.96,66.58,5.43,High,Sugarcane,Flowering,24.22
24.73,64.28,6.31,High,Maize,Seedling,46.83
26.48,40.68,13.2,Low,Sugarcane,Vegetative,57.48
21.15,79.23,13.28,Low,Cotton,Fruiting,73.57
27.72,55.69,5.54,Moderate,Rice,Flowering,33.81
31.37,79.96,18.74,High,Rice,Flowering,58.5
39.55,53.38,1.55,High,Maize,Flowering,11.64
20.34,86.67,1.83,High,Sugarcane,Harvest,50.51
31.82,62.54,9.93,Low,Rice,Fruiting,55.01
36.22,40.91,3.37,Low,Rice,Seedling,33.67
33.04,44.8,14.58,Low,Wheat,Flowering,47.26
24.04,52.18,14.33,High,Sugarcane,Fruiting,53.46
32.95,60.3,11.33,High,Sugarcane,Vegetative,38.84
28.53,84.66,4.63,High,Wheat,Vegetative,40.77
27.79,78.23,9.21,Moderate,Cotton,Harvest,56.06
29.5,67.23,7.05,High,Wheat,Harvest,47.48
33.97,55.44,2.31,Low,Sugarcane,Flowering,26.48
20.62,65.62,14.5,High,Maize,Vegetative,59.82
22.89,47.93,11.72,Moderate,Rice,Flowering,51.63
27.56,89.66,11.26,Moderate,Maize,Fruiting,51.73
21.0,47.01,19.36,Moderate,Sugarcane,Flowering,66.84
33.31,61.76,8.02,High,Sugarcane,Harvest,37.73
26.19,87.05,8.4,Low,Sugarcane,Flowering,57.47
39.81,52.85,6.61,Low,Sugarcane,Vegetative,35.2
33.98,63.51,0.75,High,Sugarcane,Flowering,19.56
32.33,88.14,8.83,Low,Cotton,Flowering,49.2
33.92,51.14,4.12,High,Maize,Harvest,25.73
20.16,58.4,2.2,High,Wheat,Fruiting,29.85
24.13,54.99,19.75,Moderate,Cotton,Flowering,77.3
32.42,67.98,11.4,Moderate,Cotton,Fruiting,47.12
25.63,72.87,4.96,Moderate,Maize,Flowering,46.19
26.15,52.87,1.46,Moderate,Cotton,Seedling,32.48
38.56,69.45,15.06,Low,Maize,Flowering,59.37
25.7,68.75,5.39,Moderate,Maize,Seedling,48.34
33.52,72.87,11.23,Low,Wheat,Seedling,62.24
30.01,46.42,14.46,High,Wheat,Harvest,53.43
30.66,78.53,10.45,Moderate,Rice,Vegetative,50.54
39.35,89.89,15.2,Moderate,Wheat,Seedling,67.99
22.3,63.94,0.87,Moderate,Maize,Harvest,34.82
25.74,75.49,8.26,Moderate,Sugarcane,Harvest,48.34
35.55,41.86,0.2,Moderate,Maize,Harvest,17.48
26.09,86.45,2.97,High,Wheat,Harvest,33.47
20.55,84.86,17.49,Low,Wheat,Seedling,83.76
37.28,56.67,7.87,Moderate,Cotton,Harvest,36.76
26.62,56.87,13.55,Moderate,Rice,Harvest,66.61
39.42,43.94,11.47,Low,Rice,Flowering,45.17
31.05,49.46,13.92,Moderate,Sugarcane,Vegetative,47.98
24.46,67.1,7.42,Low,Maize,Vegetative,50.93
28.15,86.64,14.82,Low,Wheat,Vegetative,72.04
25.86,53.26,4.16,Low,Rice,Flowering,35.15
29.02,68.97,10.09,High,Sugarcane,Harvest,53.97
20.65,79.57,19.77,High,Maize,Vegetative,80.95
25.61,77.66,19.19,Low,Rice,Fruiting,79.04
25.72,63.29,3.77,Low,Maize,Vegetative,51.17
21.17,51.42,15.88,Moderate,Rice,Vegetative,62.02
31.18,87.22,8.44,Moderate,Wheat,Fruiting,53.82
34.6,77.69,15.18,Low,Wheat,Vegetative,68.35
23.07,79.66,0.19,Low,Wheat,Flowering,39.28
39.83,50.78,17.56,Low,Rice,Vegetative,56.16
28.17,62.05,14.68,Low,Sugarcane,Fruiting,61.22
36.32,61.88,8.54,Moderate,Cotton,Harvest,39.85
36.28,52.46,14.97,Low,Maize,Flowering,50.02
21.56,85.18,18.2,High,Cotton,Harvest,81.66
36.32,48.53,0.58,Moderate,Wheat,Seedling,16.81
25.92,43.41,19.44,High,Rice,Seedling,65.32
23.26,48.17,15.94,Moderate,Rice,Flowering,53.85
36.29,76.11,18.33,Moderate,Cotton,Fruiting,67.8
39.17,81.58,9.53,High,Sugarcane,Flowering,44.3
28.28,71.11,16.65,Low,Maize,Seedling,74.52
32.8,51.37,17.45,Moderate,Wheat,Fruiting,59.62
26.79,83.61,1.28,Low,Maize,Harvest,38.11
39.12,79.1,6.86,Moderate,Cotton,Flowering,40.93
38.3,76.24,2.95,Low,Sugarcane,Vegetative,39.76
29.03,78.47,1.53,Low,Rice,Vegetative,36.04
39.59,45.96,9.16,High,Rice,Vegetative,34.42
39.65,67.64,16.15,High,Cotton,Seedling,57.82
37.82,84.94,9.09,Low,Sugarcane,Flowering,53.32
35.96,86.63,11.97,Moderate,Rice,Harvest,65.1
32.35,74.72,3.56,Moderate,Rice,Fruiting,28.0
23.51,85.27,18.91,High,Maize,Vegetative,72.9
29.09,48.18,7.21,Moderate,Wheat,Vegetative,34.85
23.52,73.96,13.7,Moderate,Cotton,Fruiting,69.11
23.85,49.76,14.72,High,Cotton,Vegetative,52.47
25.8,55.1,17.54,Low,Maize,Harvest,78.93
29.98,69.96,18.45,Low,Maize,Fruiting,64.93
23.32,83.01,12.28,Moderate,Cotton,Flowering,56.4
35.32,55.66,15.76,Moderate,Sugarcane,Flowering,55.1
38.08,59.86,12.69,Low,Wheat,Harvest,58.27
28.28,53.4,9.05,Moderate,Sugarcane,Flowering,48.02
23.2,57.93,3.07,Moderate,Rice,Fruiting,33.16
21.67,80.48,2.68,High,Maize,Harvest,45.31
23.15,69.63,2.34,Moderate,Sugarcane,Vegetative,34.19
31.83,55.79,13.3,High,Sugarcane,Vegetative,48.51
29.27,76.01,3.08,Moderate,Wheat,Harvest,43.73
33.28,87.7,0.85,Moderate,Rice,Flowering,34.17
32.47,41.35,13.38,Moderate,Rice,Vegetative,45.14
22.14,72.74,15.21,Low,Rice,Flowering,73.75
37.03,51.22,17.11,Low,Rice,Vegetative,67.99
21.89,81.44,15.64,Moderate,Maize,Harvest,77.93
37.67,75.56,10.77,Moderate,Cotton,Fruiting,46.8
39.83,54.9,0.17,High,Rice,Harvest,11.21
31.13,42.92,6.19,Moderate,Wheat,Seedling,30.27
27.77,68.5,10.05,Moderate,Sugarcane,Harvest,54.13
36.64,66.04,15.52,Moderate,Sugarcane,Flowering,61.78
27.99,55.54,14.91,High,Sugarcane,Vegetative,51.56
33.17,45.59,2.82,Moderate,Wheat,Vegetative,20.55
23.66,55.28,1.28,Moderate,Wheat,Harvest,30.52
24.34,88.63,5.63,Moderate,Cotton,Harvest,57.86
34.0,45.6,9.42,High,Sugarcane,Vegetative,41.41
28.13,70.47,19.54,Moderate,Cotton,Harvest,69.17
23.22,74.92,2.22,High,Rice,Seedling,35.29
28.64,60.49,14.75,High,Wheat,Seedling,51.68
26.96,49.84,3.23,Moderate,Wheat,Harvest,32.83
37.46,40.19,12.64,Moderate,Wheat,Flowering,35.81
30.59,51.75,14.2,Moderate,Cotton,Vegetative,63.09
36.85,70.8,13.2,High,Cotton,Seedling,44.75
27.96,74.88,3.28,Moderate,Sugarcane,Vegetative,47.04
23.55,67.79,17.79,High,Cotton,Fruiting,68.41
37.66,50.19,16.29,Moderate,Rice,Harvest,52.15
22.28,71.56,10.85,Moderate,Wheat,Fruiting,56.79
24.96,67.61,19.3,Low,Rice,Seedling,78.81
33.28,79.56,4.02,Low,Cotton,Vegetative,38.67
30.81,65.41,19.42,Moderate,Wheat,Fruiting,71.49
34.57,43.17,9.54,High,Rice,Fruiting,38.53
29.65,59.28,13.01,Moderate,Maize,Harvest,51.36
32.7,86.72,10.45,High,Maize,Vegetative,56.17
32.42,63.35,8.89,Moderate,Rice,Fruiting,49.32
33.9,57.62,11.87,High,Cotton,Vegetative,45.94
25.98,73.04,3.56,High,Rice,Vegetative,41.18
27.54,74.8,16.44,High,Sugarcane,Vegetative,67.36
27.08,81.47,2.77,Moderate,Wheat,Flowering,40.74
31.86,84.56,3.25,Moderate,Wheat,Harvest,37.4
28.7,71.82,15.28,High,Maize,Vegetative,62.47
32.16,62.25,12.55,Low,Cotton,Fruiting,54.33
39.77,55.23,15.29,High,Cotton,Fruiting,43.14
31.25,67.66,11.91,Moderate,Sugarcane,Flowering,52.45
33.71,82.53,5.68,Moderate,Rice,Harvest,39.38
32.17,65.2,6.05,Moderate,Sugarcane,Vegetative,37.76
29.17,87.19,6.87,Moderate,Cotton,Harvest,56.87
22.14,59.04,15.53,High,Rice,Flowering,55.81
20.2,70.25,13.26,High,Sugarcane,Seedling,62.31
23.42,81.78,19.73,Low,Sugarcane,Vegetative,90.0
20.78,60.01,11.06,Low,Rice,Harvest,59.58
30.69,52.63,10.4,Low,Rice,Harvest,59.15
31.46,49.5,13.31,Low,Maize,Fruiting,50.85
36.3,67.55,12.38,High,Sugarcane,Flowering,48.8
34.87,45.3,6.95,Low,Rice,Vegetative,46.79
28.94,58.53,0.25,Low,Wheat,Seedling,38.83
34.4,77.99,8.07,High,Cotton,Flowering,40.95
20.35,88.41,7.15,Moderate,Rice,Harvest,56.15
31.31,81.27,19.57,High,Maize,Fruiting,66.57
21.04,78.06,18.28,Low,Rice,Harvest,85.36
28.29,72.14,0.7,Low,Wheat,Fruiting,33.51
33.76,42.38,5.43,Moderate,Maize,Flowering,21.76
31.91,42.16,9.68,High,Maize,Fruiting,34.35
38.58,80.93,7.48,Moderate,Rice,Fruiting,34.14
35.56,45.84,18.2,High,Cotton,Fruiting,56.3
22.74,86.62,15.36,Low,Wheat,Seedling,84.33
26.64,50.77,12.7,High,Maize,Fruiting,51.55
25.17,55.37,18.02,Moderate,Cotton,Flowering,69.07
26.51,69.86,12.02,Moderate,Wheat,Seedling,67.76
36.36,66.72,6.25,Moderate,Rice,Vegetative,35.28
34.57,50.91,3.32,High,Rice,Seedling,29.78
27.89,72.92,18.93,Low,Sugarcane,Vegetative,86.98
32.8,71.67,9.27,Low,Sugarcane,Flowering,51.23
30.91,52.32,6.93,Moderate,Maize,Harvest,37.41
23.62,73.43,3.41,Moderate,Wheat,Flowering,34.26
22.31,65.12,9.79,High,Rice,Fruiting,41.29
26.72,42.61,17.03,Low,Maize,Flowering,65.46
25.17,62.71,5.38,Low,Maize,Vegetative,47.22
22.82,61.92,10.58,High,Maize,Seedling,59.93
36.88,45.95,11.61,High,Cotton,Fruiting,30.01
25.79,85.07,4.06,Moderate,Wheat,Fruiting,43.99
20.61,49.76,10.6,Moderate,Rice,Seedling,60.77
24.79,72.22,18.37,Low,Sugarcane,Seedling,83.46
30.12,84.48,16.24,High,Rice,Flowering,66.69
29.6,63.76,0.19,High,Sugarcane,Vegetative,21.92
21.25,49.08,8.9,Moderate,Sugarcane,Flowering,52.61
24.25,56.37,4.53,High,Rice,Seedling,38.67
37.27,57.81,13.71,Low,Maize,Flowering,58.6
29.93,76.76,8.85,Moderate,Wheat,Harvest,57.5
31.78,43.27,6.21,Low,Sugarcane,Vegetative,41.62
31.51,84.43,12.58,Moderate,Maize,Flowering,50.64
31.75,69.29,0.58,Low,Rice,Seedling,38.18
31.08,63.98,11.55,High,Wheat,Flowering,39.36
34.09,67.02,8.19,High,Maize,Flowering,30.58
25.9,53.85,18.76,High,Maize,Harvest,69.72
38.02,73.5,14.48,High,Maize,Fruiting,43.22
38.22,58.55,15.5,Moderate,Maize,Harvest,52.67
30.4,87.27,14.84,High,Rice,Vegetative,57.8
28.82,69.19,14.62,High,Rice,Vegetative,55.65
30.81,71.96,18.15,Moderate,Rice,Fruiting,59.1
26.56,69.03,5.98,Moderate,Maize,Seedling,53.26
35.9,50.31,9.93,Low,Cotton,Fruiting,50.93
22.1,49.11,4.35,Low,Wheat,Harvest,45.67
35.04,82.45,2.28,Low,Cotton,Vegetative,42.48
39.72,81.71,1.6,Moderate,Cotton,Seedling,38.46
20.45,79.75,13.13,High,Cotton,Vegetative,70.79
28.91,68.85,7.41,Low,Cotton,Fruiting,55.62
31.7,51.05,15.79,Low,Maize,Harvest,64.31
20.41,76.1,19.22,Low,Maize,Vegetative,81.81
27.89,77.31,2.43,High,Wheat,Harvest,28.5
24.97,82.88,2.51,High,Sugarcane,Flowering,29.56
37.32,57.48,4.87,Moderate,Rice,Harvest,25.05
30.62,81.32,15.95,High,Rice,Seedling,62.52
21.22,46.78,4.24,Moderate,Wheat,Fruiting,29.5
26.87,74.86,15.74,Moderate,Wheat,Fruiting,69.71
22.8,61.99,4.34,Moderate,Cotton,Harvest,42.32
24.91,57.66,15.97,Low,Rice,Flowering,68.22
39.51,88.83,16.83,Moderate,Rice,Flowering,64.19
25.84,73.28,1.72,Moderate,Sugarcane,Fruiting,30.93
29.75,49.3,6.93,Low,Rice,Fruiting,37.88
27.86,73.94,0.85,Low,Cotton,Vegetative,40.31
23.63,41.41,3.17,High,Sugarcane,Fruiting,24.05
26.86,52.47,3.54,Low,Sugarcane,Flowering,33.14
36.34,74.15,1.53,Low,Cotton,Fruiting,38.88
26.47,84.58,6.7,High,Maize,Fruiting,49.19
20.86,58.67,2.49,Low,Cotton,Harvest,37.41
29.81,50.7,5.28,Moderate,Sugarcane,Vegetative,35.73
38.67,65.46,2.05,High,Maize,Flowering,17.46
30.58,68.95,11.84,Low,Rice,Harvest,59.86
35.95,60.92,8.04,High,Cotton,Seedling,39.32
23.46,66.83,17.16,High,Cotton,Fruiting,68.28
37.42,77.72,7.01,High,Wheat,Flowering,34.4
37.86,46.79,9.82,Moderate,Maize,Vegetative,31.69
39.36,80.3,19.2,Low,Rice,Fruiting,75.27
36.42,78.78,15.31,Low,Wheat,Flowering,70.33
31.81,78.0,18.02,High,Sugarcane,Vegetative,67.37
28.86,77.37,19.24,Low,Wheat,Vegetative,79.93
35.22,62.48,16.59,Low,Wheat,Seedling,69.75
32.45,45.64,19.03,Low,Cotton,Fruiting,72.11
23.73,46.39,2.66,Moderate,Wheat,Seedling,43.57
21.36,82.37,17.25,Low,Rice,Harvest,77.13
33.05,62.51,2.68,Moderate,Maize,Seedling,26.52
34.15,64.74,11.83,High,Maize,Seedling,50.17
23.19,58.56,15.62,High,Rice,Seedling,66.32
34.29,55.48,19.1,Low,Wheat,Flowering,66.94
29.31,69.37,14.71,Moderate,Wheat,Fruiting,67.45
37.31,68.72,4.09,Low,Maize,Seedling,48.64
36.84,79.67,3.71,Low,Maize,Vegetative,36.35
21.99,66.68,12.44,Low,Wheat,Flowering,62.9
28.63,74.38,4.3,Moderate,Rice,Vegetative,43.61
28.97,72.64,1.12,Low,Rice,Seedling,43.59
35.59,51.82,17.87,Moderate,Wheat,Seedling,63.53
23.93,87.92,11.67,Low,Maize,Fruiting,67.52
26.26,43.0,9.9,Low,Maize,Harvest,60.12
20.52,63.07,12.31,Low,Wheat,Seedling,73.06
23.43,44.68,4.08,Moderate,Cotton,Seedling,43.53
29.45,43.78,7.8,Low,Wheat,Seedling,40.13
36.47,55.81,18.44,Moderate,Sugarcane,Seedling,72.12
22.22,48.36,16.15,Low,Sugarcane,Seedling,72.54
26.13,60.35,19.67,Low,Wheat,Flowering,72.17
35.73,85.12,3.67,Low,Rice,Fruiting,32.27
26.85,50.73,11.75,Low,Wheat,Seedling,61.92
26.1,81.16,15.96,Moderate,Wheat,Fruiting,70.45
24.16,49.13,12.83,Moderate,Maize,Seedling,55.23
22.61,60.45,13.03,High,Maize,Harvest,50.1
39.41,46.7,18.96,High,Maize,Harvest,53.83
22.24,41.85,2.12,High,Rice,Flowering,31.71
30.74,86.11,1.82,Moderate,Cotton,Fruiting,43.14
34.06,76.63,16.05,Moderate,Maize,Fruiting,61.95
35.82,85.42,10.27,Moderate,Wheat,Vegetative,52.98
39.98,85.39,10.0,Moderate,Maize,Fruiting,41.77
30.22,51.54,16.42,High,Rice,Harvest,50.16
20.65,54.58,16.93,Low,Rice,Fruiting,68.91
21.01,68.56,14.52,High,Wheat,Fruiting,62.43
34.61,46.39,3.95,Moderate,Wheat,Flowering,25.56
30.2,53.52,18.89,Low,Cotton,Vegetative,66.33
31.48,66.39,6.37,Moderate,Wheat,Vegetative,46.18
20.19,43.3,3.33,High,Sugarcane,Vegetative,39.02
27.19,56.44,17.57,Low,Rice,Seedling,67.16
30.97,58.85,15.87,High,Sugarcane,Fruiting,48.62
22.22,40.24,10.32,High,Cotton,Seedling,41.94
22.38,79.92,0.46,Low,Sugarcane,Harvest,50.13
32.56,81.02,2.78,Moderate,Wheat,Fruiting,38.25
31.64,66.6,15.47,High,Sugarcane,Harvest,50.42
20.18,79.76,6.74,High,Rice,Harvest,50.42
40.0,59.43,0.81,Low,Cotton,Harvest,26.85
33.69,52.45,2.37,Low,Wheat,Fruiting,22.32
21.92,84.12,6.37,High,Cotton,Harvest,53.05
33.89,56.49,2.83,High,Maize,Vegetative,32.63
23.78,52.99,16.96,Low,Rice,Flowering,64.44
35.25,53.89,8.22,Moderate,Maize,Fruiting,43.15
32.14,52.52,11.64,High,Maize,Fruiting,39.56
22.97,42.68,1.17,Low,Maize,Seedling,42.96
34.13,66.95,1.83,High,Wheat,Vegetative,28.25
30.27,69.82,15.34,Low,Wheat,Fruiting,59.73
30.62,65.04,1.4,Moderate,Maize,Vegetative,31.58
35.79,57.93,19.42,Moderate,Maize,Vegetative,72.69
24.45,89.79,0.35,Moderate,Rice,Vegetative,44.06
39.85,68.0,2.79,High,Maize,Seedling,26.44
33.73,86.91,12.57,High,Maize,Flowering,52.77
25.74,83.31,7.95,Low,Rice,Fruiting,58.52
24.38,53.23,8.17,Low,Rice,Vegetative,54.42
30.45,62.91,0.59,High,Wheat,Vegetative,32.55
22.54,76.75,18.5,Moderate,Rice,Flowering,69.13
20.59,85.22,18.93,High,Maize,Seedling,81.7
28.59,77.57,4.49,High,Maize,Flowering,33.39
20.92,83.77,13.1,Low,Sugarcane,Fruiting,80.02
37.04,54.99,16.5,Low,Rice,Harvest,55.57
24.73,58.3,14.38,High,Wheat,Flowering,54.21
22.98,51.74,11.17,Moderate,Rice,Fruiting,59.7
30.7,48.16,6.36,Low,Wheat,Fruiting,41.57
23.67,62.65,0.08,Moderate,Sugarcane,Fruiting,36.99
38.64,79.16,19.05,Low,Maize,Seedling,83.05
32.43,62.1,19.96,High,Sugarcane,Harvest,71.3
25.39,71.18,9.47,Low,Wheat,Harvest,53.84
24.15,40.75,8.26,Low,Cotton,Flowering,46.09
29.67,55.07,2.91,Low,Maize,Flowering,39.17
26.15,55.36,8.39,High,Sugarcane,Harvest,37.58
22.21,44.34,15.81,Moderate,Maize,Harvest,68.13
27.13,57.85,11.5,Low,Rice,Fruiting,58.51
25.53,54.15,16.37,Low,Rice,Harvest,70.72
23.91,67.52,10.62,Moderate,Wheat,Seedling,66.21
28.58,55.34,6.75,High,Maize,Harvest,43.58
30.05,48.94,1.3,High,Maize,Harvest,27.32
30.74,89.65,8.1,Low,Maize,Seedling,66.19
39.86,49.09,3.22,Moderate,Maize,Vegetative,26.43
25.58,80.11,3.73,Low,Rice,Fruiting,39.59
32.23,87.55,8.48,Low,Sugarcane,Vegetative,51.74
34.6,83.61,7.7,Low,Wheat,Vegetative,46.34
33.98,45.25,8.93,High,Cotton,Harvest,41.64
20.99,44.47,5.52,Low,Wheat,Flowering,50.4
29.5,45.84,2.14,High,Sugarcane,Seedling,27.3
29.33,72.61,8.3,High,Rice,Fruiting,47.72
23.11,89.38,7.1,High,Cotton,Seedling,58.49
25.17,69.09,5.7,High,Sugarcane,Harvest,39.39
27.29,40.47,2.41,Low,Sugarcane,Flowering,26.19
30.6,75.31,0.45,Low,Cotton,Harvest,40.92
36.74,66.13,0.07,Low,Sugarcane,Harvest,33.77
34.3,63.4,18.91,Low,Sugarcane,Seedling,75.02
30.24,78.96,9.4,Low,Wheat,Vegetative,62.01
37.58,69.4,19.76,Moderate,Sugarcane,Fruiting,68.63
30.71,64.26,16.75,Low,Sugarcane,Fruiting,67.51
22.12,85.15,3.64,Moderate,Cotton,Seedling,54.64
34.33,58.32,7.04,High,Rice,Seedling,31.24
25.14,83.41,3.88,Low,Wheat,Fruiting,55.87
23.25,81.21,7.81,Low,Sugarcane,Harvest,64.65
27.65,57.62,9.12,Moderate,Sugarcane,Seedling,49.45
28.85,74.13,1.33,High,Rice,Vegetative,32.33
39.65,86.58,13.94,Low,Rice,Flowering,52.8
22.31,60.33,5.96,Low,Sugarcane,Seedling,46.43
38.55,50.88,7.28,High,Cotton,Flowering,31.72
23.13,82.43,14.06,High,Rice,Harvest,66.77
24.44,46.85,10.84,Moderate,Cotton,Seedling,49.88
20.2,85.64,14.77,High,Rice,Seedling,70.09
24.57,47.37,7.37,Low,Sugarcane,Fruiting,49.28
35.27,75.72,19.78,High,Maize,Fruiting,66.42
24.9,73.39,18.71,Moderate,Wheat,Flowering,74.06
21.87,56.29,16.4,Moderate,Sugarcane,Fruiting,61.62
39.87,64.53,16.41,High,Sugarcane,Seedling,51.69
24.94,56.85,14.89,Low,Wheat,Harvest,73.19
38.12,85.38,6.59,Low,Wheat,Vegetative,50.09
35.3,64.89,1.97,Moderate,Maize,Vegetative,27.58
38.78,42.28,13.43,High,Sugarcane,Vegetative,35.84
27.67,47.68,15.74,Moderate,Maize,Flowering,55.56
29.25,47.07,7.16,Moderate,Rice,Seedling,41.84
21.22,65.0,2.45,Moderate,Maize,Fruiting,38.42
32.82,51.49,13.29,Low,Wheat,Seedling,59.22
26.14,51.41,0.32,Low,Sugarcane,Flowering,35.36
36.81,65.16,6.49,Moderate,Wheat,Fruiting,27.17
31.25,56.62,15.41,Moderate,Cotton,Fruiting,63.59
37.87,49.3,10.32,Moderate,Rice,Fruiting,35.86
25.01,40.51,13.05,Moderate,Wheat,Vegetative,54.51
21.35,81.74,4.13,Moderate,Wheat,Harvest,58.0
28.02,60.88,2.77,High,Wheat,Vegetative,37.23
28.62,65.2,9.5,Low,Sugarcane,Seedling,63.32
30.34,86.81,19.87,High,Wheat,Vegetative,67.41
26.69,58.53,4.71,Low,Maize,Seedling,50.57
38.87,70.2,2.9,Low,Cotton,Fruiting,35.22
39.14,56.37,17.08,Moderate,Maize,Seedling,56.2
33.64,76.89,8.23,Low,Sugarcane,Harvest,54.79
29.27,75.53,6.89,Low,Sugarcane,Seedling,56.79
37.25,52.06,15.63,Moderate,Wheat,Vegetative,53.83
37.21,77.48,2.6,High,Wheat,Vegetative,21.15
23.52,87.18,2.94,Low,Rice,Seedling,60.18
36.6,72.56,9.8,High,Rice,Fruiting,32.75
23.29,78.97,3.15,High,Maize,Seedling,39.61
36.74,60.21,11.07,Low,Maize,Vegetative,59.06
36.71,87.77,0.16,High,Wheat,Vegetative,18.79
23.6,60.66,19.22,High,Cotton,Seedling,66.13
39.59,53.31,13.57,Moderate,Sugarcane,Seedling,43.14
30.93,83.42,9.01,Low,Wheat,Seedling,59.5
23.88,84.35,0.79,Moderate,Rice,Seedling,40.6
23.97,49.24,16.7,Low,Maize,Flowering,65.36
24.48,45.66,16.17,Low,Cotton,Flowering,69.21
28.66,52.08,11.1,High,Wheat,Harvest,38.64
27.95,86.48,5.2,Low,Maize,Harvest,57.68
36.35,67.5,2.17,High,Wheat,Harvest,20.54
29.24,47.9,15.16,Low,Cotton,Seedling,59.89
31.45,81.11,4.44,High,Rice,Flowering,41.54
31.26,61.46,2.51,Moderate,Sugarcane,Fruiting,27.27
26.62,48.58,17.26,High,Maize,Flowering,63.89
31.76,53.24,14.98,High,Maize,Seedling,53.76
20.01,82.96,8.7,Low,Sugarcane,Fruiting,70.92
35.07,82.32,0.43,Low,Cotton,Seedling,41.23
38.45,68.25,16.85,Low,Cotton,Seedling,62.44
35.43,85.21,15.53,Moderate,Wheat,Harvest,57.91
25.18,68.62,0.69,Low,Wheat,Vegetative,38.54
23.85,50.31,0.13,Low,Wheat,Flowering,24.37
23.08,58.71,13.04,Moderate,Maize,Seedling,57.65
37.69,51.31,6.75,Moderate,Rice,Vegetative,39.78
31.62,80.66,16.17,Moderate,Wheat,Harvest,63.57
35.52,49.64,3.24,Low,Sugarcane,Vegetative,34.08
22.65,80.59,0.53,High,Cotton,Vegetative,30.18
36.63,79.43,15.05,Low,Wheat,Harvest,59.56
35.6,77.57,7.86,High,Cotton,Harvest,35.23
21.13,47.13,19.34,Moderate,Wheat,Seedling,75.48
26.18,58.58,3.2,Low,Sugarcane,Vegetative,44.19
37.34,72.05,11.33,Moderate,Maize,Harvest,58.44
21.96,46.62,7.91,Low,Wheat,Seedling,54.53
24.64,60.04,18.88,Moderate,Sugarcane,Flowering,64.25
37.06,71.48,7.97,Moderate,Rice,Vegetative,46.55
37.81,61.29,8.97,Low,Rice,Seedling,50.01
23.17,77.09,10.66,Moderate,Maize,Vegetative,58.37
23.82,75.26,1.26,High,Wheat,Flowering,28.97
26.36,53.55,14.4,Low,Rice,Harvest,67.89
25.99,73.31,0.99,Moderate,Sugarcane,Harvest,36.75
22.79,63.31,19.48,Moderate,Maize,Vegetative,72.07
21.87,67.26,14.16,Moderate,Maize,Harvest,72.49
31.81,76.8,19.38,Moderate,Cotton,Fruiting,70.11
28.63,71.7,16.59,Low,Wheat,Vegetative,78.22
31.78,89.31,8.6,Low,Maize,Harvest,66.37
23.32,63.36,10.86,Moderate,Sugarcane,Flowering,47.16
30.4,71.83,15.71,Moderate,Cotton,Harvest,60.86
34.78,48.59,15.5,High,Sugarcane,Fruiting,40.01
35.77,40.9,10.16,Moderate,Sugarcane,Vegetative,42.54
35.58,58.12,18.48,High,Maize,Flowering,47.91
31.71,48.44,3.18,Low,Maize,Seedling,41.24
30.67,57.63,15.92,High,Sugarcane,Vegetative,60.89
39.78,62.36,11.05,Low,Cotton,Flowering,52.29
32.92,44.53,18.92,Low,Wheat,Flowering,57.04
31.39,48.75,0.23,Low,Cotton,Fruiting,23.33
36.63,62.17,2.69,Moderate,Rice,Flowering,31.96
37.84,81.4,1.05,High,Maize,Fruiting,16.57
21.34,81.8,12.94,Low,Wheat,Harvest,68.13
34.75,44.22,4.39,Moderate,Wheat,Harvest,31.03
22.69,54.89,9.27,Low,Cotton,Vegetative,55.83
20.12,42.34,19.3,High,Wheat,Fruiting,63.84
20.75,60.0,8.0,High,Sugarcane,Seedling,49.58
28.72,46.49,5.63,High,Cotton,Flowering,20.52
31.45,51.41,3.47,Moderate,Sugarcane,Seedling,33.01
28.51,47.33,4.46,Low,Wheat,Vegetative,44.79
22.29,72.15,15.85,Moderate,Maize,Seedling,82.12
25.99,86.93,14.31,Moderate,Maize,Flowering,73.17
25.75,85.77,3.93,Low,Sugarcane,Fruiting,51.31
27.77,58.1,19.02,Low,Sugarcane,Vegetative,80.7
32.09,49.0,19.49,Moderate,Sugarcane,Seedling,67.48
37.17,45.0,11.01,Low,Rice,Fruiting,44.9
31.29,48.62,13.95,Low,Wheat,Flowering,56.21
28.91,53.33,5.35,Moderate,Wheat,Vegetative,34.94
28.57,56.76,3.93,Moderate,Cotton,Flowering,32.0
35.22,40.54,7.18,Moderate,Cotton,Flowering,33.71
27.57,78.05,8.36,High,Rice,Flowering,47.76
23.46,65.79,14.68,Moderate,Rice,Seedling,76.93
20.06,56.95,10.02,Moderate,Maize,Fruiting,56.95
25.36,44.57,14.52,Low,Maize,Harvest,65.68
36.7,41.63,15.62,Moderate,Cotton,Seedling,49.68
28.55,55.24,16.93,High,Sugarcane,Seedling,58.68
29.11,87.81,10.45,Moderate,Wheat,Fruiting,48.86
34.55,44.12,15.05,High,Maize,Fruiting,39.81
28.28,63.37,13.59,Moderate,Wheat,Fruiting,57.14
36.18,88.23,1.34,High,Maize,Seedling,31.78
36.33,77.33,11.43,Low,Wheat,Fruiting,53.89
33.92,68.84,2.2,High,Maize,Flowering,16.01
29.09,82.06,11.24,Low,Maize,Vegetative,62.89
35.06,61.42,6.75,Low,Wheat,Vegetative,43.34
38.3,69.61,4.91,Low,Sugarcane,Fruiting,38.36
33.32,41.11,8.09,High,Rice,Harvest,39.4
23.66,49.17,8.21,Moderate,Cotton,Flowering,48.3
32.29,78.55,9.04,High,Cotton,Fruiting,39.89
30.05,56.47,11.96,Low,Sugarcane,Fruiting,58.24
31.45,50.22,13.59,Low,Cotton,Harvest,64.7
30.07,64.08,8.0,High,Maize,Flowering,43.34
36.88,71.84,11.42,Low,Rice,Fruiting,45.11
32.96,68.05,15.3,Low,Cotton,Fruiting,65.63
28.86,60.36,4.12,Low,Rice,Fruiting,43.29
31.56,88.11,17.93,Low,Sugarcane,Vegetative,86.73
31.6,48.87,16.74,High,Rice,Harvest,60.27
38.61,64.53,11.24,Moderate,Maize,Vegetative,51.56
24.67,44.52,14.75,Low,Cotton,Fruiting,66.23
26.16,53.12,8.1,Moderate,Wheat,Seedling,44.13
33.91,66.78,19.07,Low,Rice,Vegetative,81.18
26.05,89.48,12.03,Low,Rice,Flowering,65.21
31.31,88.92,8.99,Moderate,Cotton,Vegetative,48.42
26.8,66.93,3.8,Moderate,Maize,Harvest,41.49
39.17,53.58,11.23,High,Maize,Vegetative,43.43
33.95,79.14,13.87,High,Rice,Fruiting,55.69
22.23,63.57,17.2,Low,Sugarcane,Fruiting,81.39
25.42,51.09,2.28,High,Cotton,Harvest,34.83
35.17,86.06,2.06,High,Maize,Harvest,37.95
33.16,85.06,13.08,Low,Maize,Seedling,63.96
28.98,42.32,9.52,High,Wheat,Fruiting,37.55
20.85,83.99,4.07,High,Cotton,Seedling,48.75
37.97,88.05,1.31,Low,Sugarcane,Vegetative,38.38
32.01,60.73,3.48,Moderate,Maize,Harvest,31.49
38.93,73.03,0.38,Low,Cotton,Harvest,33.16
39.32,87.57,3.68,High,Sugarcane,Flowering,21.33
28.38,40.11,18.74,High,Rice,Harvest,65.71
27.7,45.51,16.0,Moderate,Sugarcane,Vegetative,52.94
20.66,46.67,0.33,High,Rice,Fruiting,16.11
35.15,48.76,18.46,Low,Maize,Flowering,58.43
26.52,69.74,12.6,Low,Maize,Flowering,70.4
33.61,83.75,18.0,Low,Wheat,Seedling,82.61
25.9,73.1,13.15,Moderate,Wheat,Flowering,55.58
31.93,69.28,18.78,Low,Wheat,Fruiting,69.38
20.18,67.57,5.33,Moderate,Sugarcane,Seedling,47.85
27.53,78.05,0.02,Moderate,Wheat,Fruiting,28.53
36.89,84.57,6.17,Moderate,Maize,Vegetative,46.61
28.5,65.06,1.58,High,Sugarcane,Flowering,29.66
25.57,40.81,4.86,Moderate,Maize,Harvest,37.23
22.38,83.71,11.4,Moderate,Wheat,Harvest,64.2
38.78,60.0,3.05,Low,Wheat,Vegetative,31.53
27.62,80.34,12.09,High,Cotton,Fruiting,50.14
21.47,58.64,6.21,Moderate,Wheat,Vegetative,52.05
39.03,49.3,10.49,Low,Wheat,Fruiting,42.66
22.58,59.19,7.96,Moderate,Cotton,Harvest,49.74
23.78,57.24,12.21,High,Cotton,Vegetative,55.42
34.74,79.56,14.68,Low,Wheat,Flowering,67.4
34.7,83.26,8.0,High,Sugarcane,Fruiting,39.03
23.75,85.82,8.68,Moderate,Rice,Vegetative,55.92
23.45,66.16,17.34,Moderate,Cotton,Vegetative,66.77
24.0,66.39,3.79,High,Rice,Vegetative,45.91
28.05,41.47,17.94,Moderate,Maize,Seedling,67.91
33.16,63.32,7.98,High,Rice,Flowering,38.88
33.23,82.65,17.41,High,Cotton,Seedling,63.0
22.36,50.21,16.23,Moderate,Maize,Vegetative,73.3
36.87,63.5,0.66,High,Cotton,Fruiting,18.32
36.66,59.19,3.2,High,Wheat,Flowering,27.01
26.59,88.48,12.98,Low,Cotton,Vegetative,68.56
36.63,41.55,18.65,Moderate,Sugarcane,Harvest,65.27
22.05,87.16,11.17,High,Sugarcane,Vegetative,68.73
31.37,88.84,15.54,Low,Maize,Fruiting,71.29
37.59,44.26,13.18,Low,Rice,Fruiting,49.05
28.18,86.82,8.61,Moderate,Sugarcane,Vegetative,60.57
33.03,76.63,19.27,Moderate,Rice,Flowering,64.93
38.79,64.54,2.41,Low,Maize,Vegetative,40.06
33.13,64.11,12.37,Moderate,Rice,Seedling,48.77
29.8,49.82,3.39,Moderate,Maize,Seedling,30.18
21.72,68.78,13.26,Low,Wheat,Flowering,72.76
34.88,69.19,14.44,High,Wheat,Harvest,53.37
24.2,42.02,5.97,Low,Maize,Flowering,37.78
28.97,67.5,0.0,Moderate,Sugarcane,Fruiting,19.48
35.0,66.73,17.32,Low,Maize,Seedling,77.89
37.7,74.59,9.41,Moderate,Rice,Harvest,40.06
29.42,41.71,18.38,High,Maize,Seedling,60.15
24.78,72.87,17.28,High,Maize,Seedling,67.34
27.67,88.58,0.74,Low,Cotton,Flowering,41.21
26.89,67.23,1.58,High,Rice,Flowering,33.46
29.04,53.56,16.02,Moderate,Maize,Vegetative,63.72
22.34,59.92,12.93,Moderate,Rice,Seedling,61.11
31.76,84.61,16.02,High,Maize,Flowering,66.5
22.34,53.81,0.37,Low,Cotton,Harvest,32.48
21.63,66.98,13.62,High,Sugarcane,Fruiting,62.06
35.34,76.92,0.8,High,Maize,Harvest,26.44
33.69,53.94,19.44,High,Rice,Fruiting,57.54
20.25,59.59,3.15,High,Maize,Seedling,47.14
27.64,74.6,14.19,Low,Wheat,Vegetative,67.97
28.35,50.0,18.65,High,Sugarcane,Flowering,54.57
20.41,85.39,18.0,Moderate,Sugarcane,Seedling,84.98
39.3,67.92,19.85,Low,Cotton,Vegetative,64.26
33.59,45.87,13.99,Low,Cotton,Flowering,58.52
21.58,49.98,17.12,Low,Sugarcane,Fruiting,64.0
26.71,53.78,6.77,Low,Maize,Vegetative,53.47
24.82,72.91,2.23,High,Sugarcane,Seedling,34.65
29.1,74.19,19.76,Low,Rice,Flowering,73.06
38.1,73.91,9.52,Moderate,Maize,Flowering,39.38
34.53,87.93,1.13,High,Wheat,Vegetative,23.52
35.01,54.46,14.92,High,Cotton,Flowering,49.82
31.53,61.06,15.85,Moderate,Sugarcane,Vegetative,67.93
23.6,56.34,15.18,Moderate,Rice,Flowering,57.13
20.27,77.45,1.47,High,Maize,Seedling,35.33
29.72,67.78,8.97,Low,Sugarcane,Harvest,53.71
26.61,80.63,7.87,Low,Sugarcane,Fruiting,51.03
36.58,58.55,2.59,High,Rice,Fruiting,15.25
20.16,67.25,2.41,Low,Cotton,Seedling,51.83
39.77,42.94,14.82,High,Rice,Vegetative,40.51
20.47,53.11,3.16,Low,Sugarcane,Flowering,42.6
33.92,58.33,17.15,High,Wheat,Fruiting,45.76
32.47,66.67,0.86,Moderate,Maize,Fruiting,32.87
33.23,52.89,5.47,High,Cotton,Vegetative,23.02
25.72,67.84,12.1,High,Maize,Flowering,47.0
21.81,67.87,12.61,Low,Cotton,Harvest,67.88
32.59,66.47,5.67,Moderate,Maize,Fruiting,44.03
23.14,48.39,15.88,Moderate,Wheat,Seedling,66.83
29.9,55.74,8.15,Low,Wheat,Fruiting,39.37
28.4,46.98,10.84,Low,Sugarcane,Seedling,52.96
37.27,47.71,8.43,Moderate,Rice,Vegetative,32.19
36.0,43.14,10.08,Low,Rice,Flowering,48.6
33.62,43.39,4.61,High,Rice,Fruiting,21.22
21.88,61.16,6.94,Moderate,Cotton,Seedling,50.09
23.58,55.11,4.18,High,Maize,Flowering,30.94
25.31,75.48,19.37,High,Maize,Vegetative,67.56
36.23,74.72,19.75,Moderate,Cotton,Seedling,69.99
29.2,68.63,14.71,High,Cotton,Harvest,59.1
28.69,77.18,6.01,High,Sugarcane,Harvest,37.86
26.6,84.26,11.07,Low,Maize,Harvest,67.27
32.54,67.98,7.92,Low,Maize,Fruiting,39.57
23.71,52.14,14.92,Moderate,Sugarcane,Seedling,66.17
24.89,40.3,12.85,High,Wheat,Vegetative,41.86
27.2,64.44,4.34,Low,Cotton,Fruiting,37.52
33.65,50.52,19.97,Moderate,Maize,Flowering,54.81
37.37,86.08,6.44,Low,Sugarcane,Fruiting,43.11
37.19,72.64,5.17,Moderate,Sugarcane,Vegetative,39.37
34.18,51.19,10.7,Moderate,Wheat,Seedling,41.74
33.72,41.08,1.88,High,Rice,Seedling,19.26
23.78,78.06,3.5,Moderate,Maize,Vegetative,41.49
25.94,72.99,12.09,High,Wheat,Harvest,48.89
33.45,56.57,6.42,Low,Maize,Flowering,42.38
22.54,59.45,18.3,Moderate,Maize,Fruiting,71.16
32.19,43.47,11.02,Low,Rice,Seedling,44.59
36.65,79.43,19.69,Low,Wheat,Vegetative,81.2
28.65,71.27,15.58,Low,Sugarcane,Fruiting,67.22
24.37,86.96,8.28,High,Cotton,Seedling,63.09
28.04,54.94,9.56,Moderate,Rice,Vegetative,50.02
21.05,58.92,0.69,High,Maize,Vegetative,33.34
35.92,46.76,5.75,High,Rice,Fruiting,27.6
25.95,42.68,17.96,Moderate,Rice,Fruiting,61.13
35.17,65.32,8.56,Moderate,Wheat,Flowering,41.4
20.05,86.3,16.61,Low,Rice,Vegetative,88.7
23.82,65.42,19.64,High,Sugarcane,Flowering,75.91
34.58,54.14,8.96,Moderate,Cotton,Fruiting,40.62
24.18,66.14,4.35,High,Cotton,Fruiting,39.04
36.77,75.4,16.84,High,Rice,Flowering,56.83
34.12,61.36,11.79,High,Maize,Flowering,34.28
25.64,75.11,13.24,Low,Sugarcane,Fruiting,62.89
22.55,77.27,19.51,Moderate,Sugarcane,Seedling,78.16
23.14,67.4,14.08,High,Rice,Seedling,60.96
25.77,86.64,4.56,Low,Rice,Seedling,51.33
29.01,77.07,19.75,Low,Wheat,Vegetative,87.43
39.44,75.16,6.08,Moderate,Maize,Vegetative,43.6
38.58,48.08,7.95,Moderate,Cotton,Fruiting,24.08
30.27,65.06,2.83,Low,Wheat,Fruiting,36.94
30.92,64.15,6.6,High,Maize,Seedling,38.24
20.99,74.88,19.75,Low,Maize,Harvest,90.0
28.02,63.38,19.59,High,Cotton,Flowering,62.96
35.06,56.23,8.57,Moderate,Cotton,Flowering,38.75
35.94,49.64,13.57,Low,Rice,Harvest,60.72
28.9,50.07,16.08,Low,Cotton,Seedling,69.46
22.81,44.18,8.02,Low,Rice,Fruiting,44.81
38.02,76.62,13.69,Moderate,Maize,Flowering,52.68
38.54,87.35,6.45,Moderate,Sugarcane,Flowering,33.16
39.32,52.74,8.62,Low,Rice,Seedling,42.51
28.93,66.05,16.19,High,Wheat,Flowering,60.22
27.15,60.74,7.06,Moderate,Rice,Vegetative,40.84
25.13,55.13,1.37,High,Cotton,Harvest,28.01
25.92,47.19,16.96,Low,Wheat,Harvest,68.24
30.69,61.29,10.25,Low,Maize,Fruiting,57.26
34.6,62.63,19.17,Moderate,Wheat,Seedling,75.39
25.97,86.83,3.08,Low,Cotton,Fruiting,40.02
20.9,74.68,14.63,High,Cotton,Harvest,62.44
39.66,78.84,5.56,Low,Wheat,Flowering,41.84
20.24,78.51,12.76,High,Sugarcane,Harvest,64.19
36.89,81.06,11.52,Moderate,Wheat,Flowering,47.54
23.06,53.44,4.19,Moderate,Cotton,Flowering,37.23
25.98,85.72,9.28,Moderate,Sugarcane,Fruiting,52.13
30.19,89.18,11.46,Moderate,Wheat,Harvest,57.83
20.38,56.84,16.57,High,Rice,Vegetative,68.73
28.64,48.43,12.34,Moderate,Wheat,Seedling,59.59
39.39,57.69,10.61,Low,Maize,Harvest,44.62
36.83,40.88,3.82,Moderate,Wheat,Seedling,22.84
31.27,62.0,9.2,Moderate,Cotton,Fruiting,43.19
32.19,87.78,2.27,Moderate,Rice,Harvest,45.97
34.76,89.67,13.73,High,Wheat,Vegetative,50.36
30.44,76.2,16.78,Moderate,Cotton,Fruiting,68.57
36.12,53.82,11.41,Low,Wheat,Vegetative,46.05
37.83,41.56,12.86,High,Cotton,Fruiting,38.96
35.13,48.29,8.4,Moderate,Maize,Harvest,34.22
36.99,62.17,14.0,Moderate,Sugarcane,Vegetative,59.35
24.27,88.33,18.3,Low,Maize,Seedling,90.0
30.59,84.68,15.29,Moderate,Cotton,Harvest,62.96
35.58,84.32,16.47,Moderate,Cotton,Flowering,61.7
30.98,81.8,18.67,Low,Wheat,Vegetative,79.19
22.89,72.69,2.38,High,Cotton,Harvest,30.16
23.03,48.56,9.43,High,Rice,Seedling,51.22
35.93,88.92,6.33,Moderate,Cotton,Fruiting,34.75
37.77,54.03,9.32,Moderate,Cotton,Flowering,39.75
21.41,79.55,8.41,Moderate,Maize,Vegetative,60.73
21.55,80.93,17.3,High,Cotton,Seedling,81.59
34.98,63.14,1.33,High,Rice,Flowering,18.79
21.16,69.05,7.39,High,Sugarcane,Vegetative,47.52
31.0,65.28,11.01,Moderate,Sugarcane,Vegetative,53.41
37.22,87.97,13.7,Moderate,Rice,Vegetative,56.56
27.98,45.44,2.29,High,Cotton,Seedling,29.4
26.67,44.41,17.57,High,Rice,Vegetative,66.5
32.94,67.0,12.87,High,Rice,Harvest,55.33
36.31,41.33,16.55,Low,Sugarcane,Fruiting,58.21
37.0,69.8,17.46,Low,Sugarcane,Harvest,62.86
29.62,47.34,11.1,Moderate,Cotton,Harvest,55.22
24.48,85.26,10.23,Moderate,Maize,Harvest,68.93
38.43,52.13,6.32,Moderate,Sugarcane,Flowering,28.16
32.28,83.11,15.66,Low,Wheat,Flowering,66.23
28.92,80.02,8.85,High,Rice,Vegetative,54.78
33.16,83.99,2.0,Moderate,Maize,Seedling,41.97
35.35,62.0,18.1,Moderate,Wheat,Seedling,66.54
32.36,73.78,14.78,High,Maize,Flowering,49.98
26.22,89.09,10.75,Low,Rice,Flowering,57.42
37.76,87.55,13.03,High,Rice,Vegetative,60.7
39.56,79.66,17.02,Low,Sugarcane,Harvest,76.54
22.28,71.39,7.87,High,Cotton,Seedling,55.81
31.66,61.9,17.45,High,Sugarcane,Harvest,53.49
37.65,51.61,19.47,High,Maize,Flowering,52.02
25.84,60.6,9.46,Moderate,Rice,Vegetative,57.43
28.47,82.81,19.08,Low,Rice,Fruiting,74.53
22.69,55.96,4.37,Moderate,Cotton,Vegetative,48.15
27.1,87.25,7.32,High,Wheat,Harvest,56.16
33.39,73.13,4.67,High,Sugarcane,Harvest,38.89
24.17,41.89,11.3,Low,Maize,Harvest,54.98
34.1,55.21,3.27,Low,Wheat,Vegetative,32.28
27.52,89.63,7.46,High,Maize,Flowering,46.89
31.66,79.85,0.48,Moderate,Wheat,Flowering,26.35
27.69,63.55,5.09,Low,Rice,Flowering,47.0
31.45,67.24,13.01,High,Sugarcane,Flowering,52.49
38.47,70.49,8.49,Moderate,Rice,Flowering,31.26
23.23,48.28,10.27,Low,Sugarcane,Harvest,58.32
32.91,87.14,17.82,Low,Wheat,Flowering,79.42
33.35,59.33,17.79,High,Cotton,Flowering,60.33
24.07,64.34,8.99,Low,Wheat,Harvest,63.79
37.19,66.8,5.77,High,Wheat,Vegetative,36.31
20.57,47.58,19.23,High,Maize,Seedling,72.33
32.92,59.22,16.38,Low,Cotton,Vegetative,65.12
29.05,46.16,14.93,Moderate,Sugarcane,Fruiting,60.69
20.03,89.87,14.93,Low,Maize,Vegetative,87.76
38.43,46.72,16.98,Low,Wheat,Vegetative,55.93
31.77,41.98,17.99,Low,Sugarcane,Fruiting,62.62
37.82,64.41,12.34,Low,Rice,Fruiting,57.04
32.29,56.37,12.71,Moderate,Sugarcane,Seedling,51.43
20.54,48.21,4.91,Moderate,Rice,Fruiting,35.7
27.91,58.02,17.63,Low,Sugarcane,Seedling,68.62
27.67,64.48,2.56,Low,Rice,Harvest,43.19
35.01,76.75,12.86,High,Maize,Flowering,49.63
23.16,49.14,13.71,Moderate,Maize,Seedling,59.15
20.9,50.82,17.17,High,Maize,Seedling,74.86
34.86,56.73,1.27,High,Wheat,Flowering,21.4
38.51,52.79,10.99,Moderate,Wheat,Vegetative,43.74
30.72,68.63,6.01,Low,Wheat,Seedling,46.28
27.22,58.9,14.78,Low,Maize,Fruiting,60.09
36.59,47.44,1.86,Moderate,Cotton,Fruiting,19.47
29.33,81.19,4.27,Low,Rice,Flowering,37.51
26.44,52.19,9.91,Moderate,Sugarcane,Seedling,52.53
21.04,66.42,7.48,Low,Rice,Seedling,64.12
30.72,88.25,1.72,Low,Cotton,Seedling,43.88
38.77,52.51,8.66,High,Sugarcane,Vegetative,34.89
38.91,40.74,15.97,Low,Cotton,Fruiting,44.79
32.3,60.27,10.49,Moderate,Maize,Vegetative,46.61
29.08,42.64,12.85,High,Rice,Vegetative,52.62
36.44,72.83,4.89,High,Rice,Flowering,35.53
23.58,77.15,0.24,Low,Rice,Vegetative,38.93
23.7,65.11,17.49,High,Maize,Seedling,72.86
38.31,46.91,5.77,Low,Rice,Flowering,35.73
20.55,60.44,0.73,Moderate,Rice,Flowering,30.41
31.78,47.08,1.91,Moderate,Sugarcane,Vegetative,22.19
34.8,47.03,2.71,Low,Maize,Seedling,25.74
26.39,83.45,11.74,Low,Wheat,Seedling,68.71
22.8,41.38,19.22,High,Cotton,Seedling,73.06
22.28,50.39,10.68,Low,Wheat,Harvest,53.41
24.56,48.72,3.63,Moderate,Rice,Vegetative,31.49
34.66,52.71,16.65,Moderate,Maize,Flowering,48.73
26.09,65.03,5.97,Moderate,Cotton,Fruiting,40.62
20.1,53.19,10.24,Moderate,Wheat,Flowering,47.19
21.09,80.51,19.02,Low,Sugarcane,Fruiting,86.31
29.47,85.25,16.42,Moderate,Cotton,Harvest,74.31
27.21,71.09,16.61,Moderate,Sugarcane,Seedling,69.45
23.55,59.18,19.2,Moderate,Maize,Harvest,80.71
25.35,78.2,7.8,Low,Maize,Vegetative,65.3
30.22,70.98,8.33,Moderate,Rice,Flowering,45.01
39.85,50.96,8.09,High,Maize,Vegetative,26.82
28.83,89.62,5.42,Moderate,Sugarcane,Flowering,48.42
26.76,68.06,13.97,High,Sugarcane,Vegetative,62.93
37.61,68.83,17.76,High,Wheat,Vegetative,55.27
37.55,75.35,19.8,Moderate,Cotton,Vegetative,66.89
26.78,44.09,12.82,High,Sugarcane,Vegetative,52.93
30.94,51.23,5.43,High,Maize,Fruiting,28.34
30.0,61.46,13.38,Low,Sugarcane,Seedling,63.17
30.77,54.8,9.41,High,Wheat,Harvest,43.26
37.79,67.32,13.15,Moderate,Rice,Flowering,54.66
33.48,65.0,2.03,High,Wheat,Fruiting,15.6
24.9,64.86,4.16,Low,Sugarcane,Seedling,49.23
23.32,81.5,0.08,Low,Maize,Harvest,46.79
36.29,87.95,18.08,Low,Cotton,Vegetative,74.31
25.5,50.4,2.64,Low,Maize,Fruiting,40.07
31.84,54.89,15.47,Moderate,Wheat,Flowering,57.31
36.77,77.43,19.83,High,Wheat,Fruiting,67.92
25.93,77.53,4.1,Low,Cotton,Seedling,51.9
34.96,69.25,16.13,High,Maize,Seedling,54.74
36.41,53.11,16.93,Low,Rice,Vegetative,65.32
34.05,59.16,5.84,Moderate,Rice,Harvest,35.92
39.79,41.28,13.64,High,Wheat,Vegetative,36.82
32.0,41.64,19.12,Low,Wheat,Flowering,68.52
31.42,45.68,15.52,Low,Cotton,Harvest,58.07
31.7,78.07,1.63,Low,Wheat,Flowering,44.2
24.31,85.88,8.39,Moderate,Wheat,Flowering,55.31
22.01,42.28,11.27,High,Maize,Seedling,54.52
39.1,83.25,9.87,Low,Rice,Seedling,64.31
38.17,44.56,8.01,Moderate,Cotton,Harvest,37.06
21.66,41.25,16.97,High,Wheat,Seedling,57.79
31.24,84.09,17.06,Low,Sugarcane,Harvest,84.76
34.96,43.62,12.42,Low,Wheat,Flowering,41.75
39.1,78.49,5.16,High,Maize,Flowering,29.48
37.76,89.82,4.19,Low,Rice,Fruiting,33.94
29.56,89.22,1.92,High,Rice,Vegetative,43.07
27.64,43.99,15.74,Low,Rice,Fruiting,54.57
37.54,79.13,1.96,High,Maize,Seedling,36.96
26.07,63.2,17.35,Low,Cotton,Harvest,80.12
21.77,44.6,2.65,High,Sugarcane,Flowering,23.87
38.17,86.69,1.5,High,Wheat,Fruiting,23.39
30.2,64.54,5.89,Moderate,Wheat,Harvest,35.31
31.08,88.2,0.75,High,Sugarcane,Flowering,30.08
22.22,89.29,2.44,High,Maize,Vegetative,39.37
23.04,57.42,17.54,Low,Wheat,Seedling,85.1
24.36,42.57,11.94,Moderate,Wheat,Fruiting,42.61
30.96,80.71,6.74,Moderate,Wheat,Fruiting,48.11
37.87,40.1,12.66,Moderate,Sugarcane,Seedling,52.53
29.33,67.14,14.1,Moderate,Cotton,Harvest,68.34
27.18,59.52,5.65,High,Cotton,Vegetative,45.24
20.61,45.3,19.81,High,Maize,Fruiting,64.91
38.78,85.85,4.16,Moderate,Cotton,Flowering,40.07
37.03,49.21,12.76,Low,Sugarcane,Vegetative,50.45
22.67,72.67,8.1,Low,Maize,Fruiting,62.47
29.53,73.17,1.66,High,Maize,Seedling,38.4
20.1,80.92,10.18,Moderate,Wheat,Flowering,53.24
34.01,62.25,16.16,Low,Rice,Fruiting,60.57
31.99,73.62,19.77,Low,Sugarcane,Vegetative,79.57
20.15,60.38,3.84,High,Rice,Seedling,39.06
35.85,48.07,4.59,High,Wheat,Vegetative,19.64
23.1,40.66,5.55,Moderate,Wheat,Harvest,35.01
40.0,69.55,5.94,Low,Maize,Seedling,35.56
35.03,53.4,12.11,Low,Wheat,Flowering,55.88
22.04,45.77,4.93,High,Rice,Flowering,27.05
39.34,87.18,18.55,Low,Cotton,Harvest,68.59
36.51,79.58,8.73,Low,Maize,Fruiting,49.78
20.82,77.96,10.48,Low,Wheat,Harvest,61.06
21.46,84.75,2.05,Moderate,Maize,Vegetative,43.59
32.27,83.58,2.52,High,Rice,Flowering,26.41
31.11,79.99,5.76,High,Wheat,Harvest,33.36
21.7,65.5,11.11,High,Wheat,Seedling,55.9
35.12,64.89,18.25,High,Rice,Vegetative,59.96
31.7,45.77,2.92,Low,Cotton,Fruiting,25.8
38.35,51.98,14.41,High,Cotton,Seedling,44.72
26.64,56.16,6.89,Moderate,Maize,Harvest,45.85
33.96,41.04,15.19,Low,Cotton,Seedling,64.91
32.05,61.5,12.75,High,Maize,Flowering,52.16
30.4,80.05,8.58,Moderate,Rice,Seedling,52.79
28.41,52.03,9.05,Moderate,Maize,Fruiting,49.09
21.66,55.92,8.88,Low,Wheat,Fruiting,56.61
21.38,69.39,11.04,Low,Maize,Vegetative,69.16
30.24,49.72,14.46,High,Cotton,Vegetative,53.78
36.98,54.79,6.03,Moderate,Wheat,Flowering,34.96
36.23,66.58,13.51,Low,Wheat,Flowering,50.5
26.03,40.24,0.64,Low,Sugarcane,Vegetative,28.58
34.4,57.1,18.85,Moderate,Cotton,Seedling,64.32
26.76,62.93,16.92,High,Rice,Fruiting,54.48
29.98,80.45,0.3,Moderate,Wheat,Flowering,30.05
24.78,78.14,4.43,Low,Cotton,Flowering,51.17
25.82,49.06,4.44,Low,Maize,Harvest,49.58
22.79,59.34,0.92,Low,Wheat,Harvest,39.56
23.68,84.09,12.34,Low,Sugarcane,Vegetative,66.02
25.91,47.85,2.78,Low,Rice,Flowering,28.14
29.28,86.38,3.54,Low,Maize,Vegetative,50.72
38.0,59.12,4.2,Low,Sugarcane,Vegetative,43.36
36.39,77.58,19.42,Low,Wheat,Harvest,70.4
20.9,66.58,18.75,Moderate,Rice,Vegetative,72.92
28.36,73.57,0.97,High,Wheat,Vegetative,25.9
32.38,64.47,9.74,High,Rice,Seedling,38.8
20.43,75.44,12.96,Moderate,Rice,Fruiting,59.14
36.83,58.83,14.36,Moderate,Sugarcane,Seedling,56.0
27.37,88.49,6.18,High,Sugarcane,Harvest,55.21
36.24,47.13,0.01,Moderate,Wheat,Vegetative,23.06
21.66,59.25,12.55,Moderate,Cotton,Seedling,60.61
27.54,62.05,5.76,Low,Sugarcane,Seedling,54.77
22.37,54.79,15.14,Low,Cotton,Seedling,79.57
33.4,88.7,8.56,Moderate,Sugarcane,Flowering,41.66
23.54,63.55,17.93,Moderate,Rice,Vegetative,66.1
31.51,67.69,16.43,High,Maize,Fruiting,57.0
28.14,43.71,14.43,Low,Wheat,Vegetative,57.28
33.5,59.54,12.52,High,Sugarcane,Seedling,47.79
36.52,71.63,4.09,Low,Wheat,Vegetative,35.45
29.73,66.96,11.72,Low,Wheat,Fruiting,62.19
30.34,54.22,10.25,Moderate,Wheat,Fruiting,37.88
25.72,47.61,6.23,Low,Rice,Seedling,55.44
24.9,81.51,15.46,Low,Cotton,Harvest,78.58
33.94,83.69,14.06,Low,Wheat,Vegetative,64.04
26.89,72.94,10.04,Moderate,Sugarcane,Harvest,51.8
39.42,77.75,10.71,Moderate,Rice,Fruiting,47.9
24.03,74.15,8.25,High,Rice,Flowering,52.5
38.39,46.97,1.88,Moderate,Rice,Fruiting,22.38
23.27,61.4,5.86,Moderate,Sugarcane,Vegetative,52.64
27.38,80.27,9.76,Moderate,Maize,Flowering,49.18
36.16,52.45,19.0,Moderate,Sugarcane,Flowering,65.49
27.72,63.46,8.21,High,Sugarcane,Harvest,40.62
28.52,48.23,16.28,High,Maize,Flowering,57.76
20.43,60.34,2.76,Low,Sugarcane,Harvest,40.9
31.35,56.35,10.68,Moderate,Rice,Vegetative,54.42
21.08,61.09,2.53,Moderate,Sugarcane,Fruiting,31.9
38.89,76.98,14.04,High,Sugarcane,Harvest,56.31
25.15,83.87,17.33,Low,Wheat,Harvest,75.93
28.74,79.13,7.42,Low,Wheat,Vegetative,60.67
25.85,64.67,11.0,High,Rice,Flowering,54.49
39.45,76.15,9.27,Low,Maize,Seedling,58.5
25.83,72.77,9.18,Low,Wheat,Harvest,60.84
21.87,62.64,13.61,Low,Wheat,Vegetative,69.35
34.62,47.8,1.12,High,Maize,Flowering,10.0
38.45,64.41,15.32,Moderate,Rice,Fruiting,47.42
32.6,73.55,16.97,High,Sugarcane,Vegetative,54.39
21.35,46.92,15.88,Low,Rice,Seedling,79.19
34.4,65.9,10.07,Moderate,Wheat,Fruiting,49.48
35.46,83.48,4.07,Low,Sugarcane,Fruiting,43.44
27.62,87.35,10.19,High,Cotton,Harvest,54.01
34.48,71.91,13.95,Moderate,Rice,Flowering,56.92
25.06,85.87,17.81,High,Wheat,Seedling,76.89
27.41,60.97,11.37,Low,Rice,Vegetative,54.71
32.43,78.18,1.87,High,Wheat,Flowering,19.42
33.06,84.5,0.02,Low,Maize,Flowering,32.21
29.5,79.35,10.61,High,Rice,Harvest,58.59
24.33,66.2,10.19,High,Rice,Flowering,43.9
21.36,54.09,5.44,Low,Maize,Fruiting,44.27
30.18,43.79,4.27,Moderate,Wheat,Harvest,34.54
22.06,65.75,4.34,Moderate,Sugarcane,Flowering,39.26
21.0,42.1,12.78,Low,Sugarcane,Harvest,69.85
27.63,62.37,9.74,Moderate,Cotton,Flowering,40.61
39.24,70.41,3.1,Moderate,Rice,Fruiting,32.91
30.54,67.94,14.07,Moderate,Rice,Fruiting,50.4
27.32,86.39,8.49,High,Sugarcane,Seedling,47.1
31.43,81.33,7.71,Moderate,Cotton,Harvest,45.45
23.98,60.69,9.53,Low,Maize,Seedling,58.31
39.58,50.37,3.79,Moderate,Cotton,Seedling,29.19
28.44,61.99,3.0,Moderate,Wheat,Flowering,39.67
39.75,68.93,11.87,High,Wheat,Flowering,34.54
28.0,47.1,9.36,High,Sugarcane,Flowering,38.27
21.33,56.51,16.29,Moderate,Sugarcane,Harvest,69.49
37.38,40.22,17.5,Low,Rice,Vegetative,64.28
26.82,47.88,16.51,Low,Sugarcane,Fruiting,63.11
31.2,72.37,5.1,Low,Maize,Seedling,43.6
22.52,65.89,18.87,Moderate,Rice,Vegetative,69.34
30.89,80.91,18.83,Low,Cotton,Harvest,86.77
22.5,76.1,0.16,Moderate,Wheat,Harvest,45.02
36.89,87.51,15.87,Moderate,Sugarcane,Seedling,61.59
35.2,54.62,6.38,High,Sugarcane,Harvest,38.01
23.97,79.01,1.23,Moderate,Rice,Vegetative,34.4
36.55,75.82,5.57,Low,Maize,Flowering,40.58
37.77,88.22,6.98,High,Sugarcane,Fruiting,44.37
21.88,70.95,18.56,High,Sugarcane,Seedling,78.46
31.65,63.74,7.52,High,Cotton,Fruiting,32.94
27.98,78.48,8.13,Low,Cotton,Harvest,61.62
27.55,82.73,3.9,Moderate,Rice,Seedling,49.2
27.33,48.07,16.48,Moderate,Wheat,Fruiting,61.73
27.29,79.02,12.48,High,Wheat,Vegetative,63.73
31.59,78.01,4.88,High,Rice,Fruiting,26.21
33.87,63.91,4.86,Low,Rice,Flowering,37.65
32.81,45.71,18.16,Moderate,Rice,Seedling,56.12
27.94,81.44,3.03,Low,Rice,Harvest,40.27
28.03,68.03,14.36,High,Maize,Fruiting,61.13
31.96,83.18,18.37,Low,Wheat,Flowering,71.42
30.01,50.35,9.84,Low,Cotton,Vegetative,45.47
31.41,63.6,1.83,Moderate,Sugarcane,Vegetative,39.5
34.22,86.21,19.7,Moderate,Maize,Vegetative,80.82
20.46,50.38,18.85,Moderate,Wheat,Fruiting,68.99
22.93,65.92,6.21,High,Maize,Flowering,45.83
31.84,48.32,14.41,High,Wheat,Flowering,37.77
36.22,74.46,14.69,High,Wheat,Seedling,57.42
33.28,44.32,13.33,Moderate,Rice,Flowering,39.37
20.48,78.28,5.6,Low,Sugarcane,Seedling,58.83
33.03,76.48,17.58,High,Wheat,Vegetative,61.32
28.42,72.77,4.34,High,Wheat,Seedling,33.07
21.16,76.12,11.79,High,Cotton,Harvest,56.6
31.06,66.05,14.54,Moderate,Cotton,Seedling,57.73
32.87,87.42,6.72,Moderate,Rice,Flowering,45.41
38.87,77.8,12.5,Low,Cotton,Vegetative,51.53
25.25,51.03,8.87,Moderate,Rice,Vegetative,52.95
27.88,66.69,12.85,High,Rice,Vegetative,62.73
33.49,61.45,1.34,High,Maize,Fruiting,25.9
39.63,78.46,16.94,Moderate,Wheat,Seedling,73.0
37.26,44.41,19.59,High,Cotton,Vegetative,58.4
34.83,40.42,12.26,Moderate,Wheat,Harvest,44.4
30.08,88.94,1.89,High,Rice,Flowering,26.01
28.44,51.64,19.97,High,Maize,Seedling,71.79
22.08,80.61,8.54,High,Rice,Harvest,54.23
27.96,84.9,13.16,High,Wheat,Fruiting,63.88
28.65,66.3,13.3,Moderate,Rice,Seedling,65.89
27.93,78.8,12.8,Moderate,Sugarcane,Vegetative,64.93
23.68,61.61,8.88,High,Cotton,Seedling,51.19
33.76,62.38,7.94,Moderate,Maize,Vegetative,38.17
38.34,70.11,17.84,High,Cotton,Seedling,60.03
31.62,52.09,6.36,High,Rice,Vegetative,30.5
32.45,64.01,3.05,Moderate,Cotton,Fruiting,28.04
20.5,81.93,18.24,Moderate,Cotton,Seedling,81.38
38.49,85.92,18.82,Moderate,Rice,Fruiting,60.14
38.94,59.38,9.66,High,Wheat,Harvest,30.03
36.46,69.51,18.98,Moderate,Sugarcane,Flowering,68.26
30.69,62.07,12.97,Moderate,Cotton,Fruiting,45.23
37.46,58.05,0.87,High,Cotton,Vegetative,14.55
31.89,71.93,10.46,Moderate,Cotton,Fruiting,46.67
29.26,42.49,4.66,Low,Wheat,Harvest,33.73
22.47,76.55,3.0,High,Rice,Seedling,44.89
27.83,71.28,9.87,Low,Cotton,Seedling,60.26
32.86,57.23,19.91,Low,Wheat,Vegetative,72.21
24.22,45.95,11.22,Moderate,Wheat,Seedling,47.31
39.04,71.95,0.4,Low,Maize,Vegetative,36.71
33.02,61.17,5.19,High,Sugarcane,Flowering,24.18
38.9,76.74,5.77,Low,Maize,Fruiting,45.74
33.81,80.34,15.25,Moderate,Sugarcane,Harvest,62.48
28.16,78.85,9.92,Low,Sugarcane,Harvest,68.4
35.78,58.09,6.08,Moderate,Wheat,Flowering,29.46
21.31,59.04,8.58,High,Cotton,Fruiting,42.2
37.48,49.93,14.95,Moderate,Cotton,Vegetative,56.47
31.23,82.81,13.23,Moderate,Cotton,Fruiting,61.04
37.09,81.61,4.32,Moderate,Maize,Harvest,35.33
23.09,83.03,16.23,Moderate,Maize,Harvest,75.68
38.49,85.05,5.81,Low,Sugarcane,Harvest,47.48
33.14,72.44,6.02,High,Sugarcane,Harvest,40.51
37.33,41.58,0.48,High,Maize,Flowering,13.46
27.22,76.04,11.92,High,Maize,Fruiting,51.68
34.66,40.41,9.16,Moderate,Wheat,Harvest,42.68
31.34,74.85,8.94,High,Sugarcane,Vegetative,51.56
31.81,53.48,15.77,Moderate,Rice,Vegetative,60.29
20.57,61.09,6.7,Moderate,Rice,Flowering,39.23
22.65,74.86,0.1,Moderate,Rice,Vegetative,45.91
21.88,50.49,4.54,Low,Wheat,Fruiting,44.18
35.44,74.33,13.69,Low,Sugarcane,Harvest,68.8
35.17,49.4,15.95,High,Rice,Seedling,47.05
33.14,68.81,5.5,Low,Sugarcane,Flowering,36.19
29.21,53.21,11.03,High,Sugarcane,Vegetative,50.76
26.88,74.6,10.47,Moderate,Wheat,Harvest,52.99
34.3,57.5,5.85,Low,Maize,Fruiting,45.31
35.96,81.19,12.52,High,Wheat,Flowering,41.63
29.53,85.09,6.09,Moderate,Maize,Vegetative,52.32
33.97,86.19,8.36,Moderate,Wheat,Harvest,56.6
28.31,49.99,8.85,Moderate,Rice,Vegetative,51.35
33.36,81.52,7.49,Moderate,Wheat,Fruiting,40.36
22.03,77.66,0.57,Moderate,Cotton,Seedling,43.11
35.67,62.1,3.2,High,Cotton,Seedling,26.92
24.68,70.18,8.63,Low,Wheat,Harvest,60.86
39.0,61.79,9.88,Low,Maize,Flowering,36.59
26.6,70.78,11.8,Low,Wheat,Fruiting,59.97
33.53,45.0,3.46,Low,Maize,Vegetative,38.53
30.62,67.8,19.15,Moderate,Cotton,Flowering,73.58
21.81,54.59,3.05,Low,Maize,Harvest,49.69
28.01,58.31,17.18,Low,Cotton,Vegetative,76.45
24.75,52.32,2.65,Moderate,Maize,Fruiting,29.78
23.7,70.48,2.2,Moderate,Maize,Harvest,33.41
25.7,52.94,17.91,High,Wheat,Flowering,55.7
37.66,58.63,18.31,Low,Rice,Vegetative,69.37
31.71,64.18,13.56,Low,Maize,Seedling,63.25
33.67,45.73,13.46,Moderate,Cotton,Vegetative,48.63
35.65,56.99,1.28,Moderate,Wheat,Vegetative,25.54
36.84,47.06,12.29,High,Rice,Harvest,40.51
36.4,47.78,1.96,High,Wheat,Fruiting,15.6
21.51,56.11,4.36,Moderate,Sugarcane,Fruiting,33.04
20.54,46.85,10.28,Moderate,Sugarcane,Seedling,55.31
25.84,82.52,14.81,High,Rice,Flowering,67.48
21.13,53.71,1.02,Low,Rice,Vegetative,44.87
27.55,80.35,4.88,Moderate,Cotton,Harvest,39.35
24.26,87.01,12.76,Low,Wheat,Harvest,70.83
28.0,78.06,0.94,High,Rice,Flowering,20.22
35.62,79.43,5.46,High,Sugarcane,Flowering,29.11
21.38,75.55,2.92,Moderate,Cotton,Harvest,39.53
21.51,52.18,10.99,Low,Sugarcane,Vegetative,54.77
37.43,55.68,4.87,Moderate,Sugarcane,Seedling,27.08
26.21,47.44,1.97,High,Cotton,Vegetative,24.38
24.72,41.58,11.0,Low,Rice,Fruiting,52.27
34.47,71.86,4.45,Low,Wheat,Harvest,43.82
33.35,44.3,18.77,Moderate,Wheat,Fruiting,59.51
29.32,65.51,14.13,High,Sugarcane,Fruiting,52.0
20.92,41.16,2.59,Moderate,Rice,Seedling,44.77
38.27,62.84,8.67,Moderate,Cotton,Flowering,43.25
20.55,72.71,10.66,High,Maize,Seedling,54.71
29.18,66.45,1.62,Low,Cotton,Seedling,43.11
35.97,55.2,5.19,Moderate,Sugarcane,Harvest,32.76
32.34,57.21,7.79,Low,Cotton,Vegetative,46.69
29.97,51.82,8.92,High,Rice,Harvest,40.2
35.0,82.32,4.81,Moderate,Sugarcane,Seedling,37.43
28.03,81.46,18.47,Moderate,Cotton,Vegetative,83.69
27.45,64.72,9.18,Low,Cotton,Harvest,56.3
25.73,89.64,3.32,Low,Wheat,Flowering,51.29
39.23,55.1,15.75,Moderate,Wheat,Fruiting,48.58
34.55,40.04,19.03,Low,Rice,Fruiting,59.9
21.94,54.91,12.52,Low,Maize,Vegetative,62.19
24.54,70.05,19.81,High,Sugarcane,Vegetative,80.16
28.31,63.96,16.83,Moderate,Maize,Fruiting,64.18
31.31,69.66,18.05,Low,Wheat,Fruiting,71.38
35.59,51.57,0.57,High,Wheat,Fruiting,16.18
38.41,51.39,14.58,High,Rice,Flowering,42.99
23.62,87.6,15.59,High,Cotton,Seedling,75.26
23.35,86.75,7.67,High,Wheat,Flowering,42.25
38.16,42.49,14.86,High,Wheat,Harvest,37.42
30.86,48.52,10.27,Moderate,Sugarcane,Seedling,48.76
20.41,66.82,8.93,High,Sugarcane,Seedling,59.93
29.61,73.86,10.52,High,Cotton,Flowering,51.94
29.54,54.24,12.29,High,Cotton,Seedling,47.73
38.6,46.74,9.81,Low,Maize,Harvest,49.38
35.81,89.39,7.12,High,Rice,Harvest,44.75
33.26,89.75,17.83,Low,Sugarcane,Seedling,80.42
32.64,74.24,19.15,High,Maize,Fruiting,69.08
21.89,60.4,16.58,Low,Cotton,Fruiting,79.78
27.33,57.62,16.36,High,Sugarcane,Seedling,61.11
26.1,60.53,9.76,High,Cotton,Seedling,43.17
36.78,50.56,17.06,High,Cotton,Harvest,58.47
21.07,66.52,18.96,High,Rice,Seedling,80.03
32.86,40.65,1.54,Moderate,Maize,Vegetative,28.02
33.91,45.75,4.44,High,Wheat,Fruiting,28.1
36.05,52.1,9.4,High,Maize,Flowering,33.72
35.09,42.27,13.78,Low,Wheat,Fruiting,52.69
32.03,77.49,7.43,Moderate,Cotton,Vegetative,45.44
28.42,88.38,17.35,High,Cotton,Harvest,71.72
36.62,47.66,17.01,High,Wheat,Harvest,53.54
22.91,56.11,19.22,Moderate,Rice,Fruiting,75.73
21.39,70.01,14.8,Moderate,Cotton,Seedling,74.52
36.86,85.16,16.63,Moderate,Sugarcane,Vegetative,73.12
22.13,75.16,3.64,Low,Sugarcane,Seedling,47.8
30.84,51.66,11.96,Moderate,Maize,Seedling,58.34
34.47,67.74,6.37,Low,Maize,Fruiting,37.24
21.05,52.12,17.9,Moderate,Cotton,Fruiting,68.52
34.74,78.76,12.44,High,Cotton,Fruiting,51.34
26.12,84.1,11.59,Moderate,Wheat,Flowering,66.47
20.64,89.26,12.23,Low,Rice,Fruiting,71.91
35.53,49.41,13.02,Low,Sugarcane,Fruiting,50.17
21.33,50.31,19.26,Moderate,Wheat,Fruiting,69.65
29.56,46.8,9.58,Low,Maize,Seedling,55.77
23.61,46.63,3.43,Low,Maize,Seedling,46.66
30.5,79.6,14.44,Low,Sugarcane,Vegetative,65.21
24.69,55.63,18.04,Low,Cotton,Seedling,80.01
26.2,53.42,5.93,High,Maize,Vegetative,39.82
33.36,47.87,5.59,Moderate,Rice,Harvest,30.89
28.23,75.08,18.76,Low,Cotton,Fruiting,78.73
39.6,60.83,5.48,High,Cotton,Flowering,17.27
29.9,49.62,10.78,High,Rice,Vegetative,43.16
26.4,81.54,2.68,Moderate,Rice,Harvest,36.13
38.19,48.95,17.2,High,Rice,Seedling,55.26
26.37,55.98,5.34,High,Cotton,Harvest,44.29
20.7,87.84,4.84,Moderate,Sugarcane,Fruiting,51.77
38.73,61.17,3.47,Low,Cotton,Flowering,25.74
30.75,44.66,5.0,Low,Cotton,Vegetative,40.54
20.32,71.06,4.61,Moderate,Wheat,Flowering,47.66
37.17,54.7,7.57,High,Wheat,Harvest,36.24
25.4,49.57,16.12,High,Cotton,Harvest,60.69
39.05,52.87,9.45,Low,Cotton,Fruiting,39.39
32.25,76.58,10.15,Moderate,Maize,Vegetative,50.05
34.55,48.83,18.88,Low,Cotton,Flowering,61.04
29.0,50.21,16.42,Low,Cotton,Flowering,57.6
35.18,67.97,18.07,High,Cotton,Flowering,58.74
37.58,86.06,16.87,Low,Wheat,Harvest,70.7
38.09,83.68,8.44,Moderate,Wheat,Flowering,44.82
36.79,63.52,6.56,Moderate,Sugarcane,Seedling,44.9
30.46,40.23,15.24,High,Maize,Flowering,40.41
30.17,62.77,18.69,Moderate,Cotton,Fruiting,68.48
30.33,61.68,9.0,High,Cotton,Harvest,39.17
20.33,75.04,9.15,High,Rice,Fruiting,52.73
21.7,53.04,8.81,Low,Rice,Seedling,66.35
24.3,66.18,15.92,High,Sugarcane,Seedling,63.83
29.61,57.92,8.64,Moderate,Rice,Flowering,35.92
34.56,61.12,0.4,Low,Sugarcane,Fruiting,29.16
25.22,84.34,13.66,Low,Maize,Vegetative,81.69
27.36,84.38,19.67,High,Cotton,Flowering,64.0
39.53,86.32,6.48,Low,Maize,Fruiting,42.06
34.15,79.55,4.59,Moderate,Maize,Seedling,36.81
34.24,85.06,18.02,High,Sugarcane,Seedling,68.32
34.06,69.39,17.99,Moderate,Rice,Flowering,70.49
36.89,56.52,19.61,High,Wheat,Harvest,56.77
34.11,64.53,14.89,Moderate,Maize,Harvest,66.71
21.43,60.56,15.12,High,Maize,Harvest,59.2
34.97,82.97,17.36,High,Sugarcane,Vegetative,61.28
27.02,40.95,16.8,Low,Rice,Vegetative,65.66
31.56,70.05,1.68,High,Wheat,Seedling,34.61
32.85,65.19,7.38,High,Sugarcane,Fruiting,32.12
27.52,63.74,17.83,Moderate,Maize,Fruiting,60.68
38.91,77.37,4.31,Moderate,Maize,Vegetative,37.63
25.16,65.43,11.95,High,Wheat,Vegetative,48.47
21.44,88.15,3.92,Moderate,Sugarcane,Fruiting,41.34
34.28,77.14,0.96,Low,Rice,Fruiting,29.65
37.33,63.05,17.72,Low,Sugarcane,Vegetative,65.24
38.86,62.22,6.26,Low,Cotton,Harvest,46.78
31.09,84.32,9.77,Moderate,Maize,Fruiting,59.38
37.17,70.66,13.68,High,Wheat,Flowering,51.99
34.26,46.92,7.08,Low,Sugarcane,Fruiting,41.84
37.56,83.46,19.25,Low,Sugarcane,Fruiting,71.79
31.15,54.07,5.3,Low,Rice,Fruiting,36.7
27.09,55.41,8.9,Low,Maize,Seedling,48.75
35.09,78.33,13.03,Low,Rice,Harvest,64.51
35.78,72.17,0.93,Moderate,Rice,Fruiting,23.03
27.14,65.31,4.84,Moderate,Maize,Flowering,34.44
39.66,80.02,13.09,Moderate,Maize,Vegetative,52.55
23.61,50.01,13.54,Moderate,Sugarcane,Seedling,64.0
38.31,73.56,0.27,Low,Maize,Fruiting,19.48
39.99,76.84,1.4,High,Wheat,Flowering,20.5
35.07,58.08,8.43,Low,Cotton,Harvest,46.94
31.83,59.96,6.29,Low,Rice,Harvest,38.99
37.73,65.12,14.98,Moderate,Maize,Fruiting,51.13
26.24,55.32,8.97,Low,Cotton,Fruiting,50.52
33.38,54.03,9.23,High,Sugarcane,Fruiting,37.55
37.17,81.69,10.95,Low,Cotton,Seedling,63.71
34.24,58.44,6.86,High,Cotton,Flowering,22.5
32.84,43.39,14.37,High,Wheat,Vegetative,39.42
23.61,75.22,9.93,Moderate,Rice,Flowering,51.98
29.62,52.1,10.7,Low,Wheat,Seedling,52.53
27.09,50.81,1.76,Moderate,Sugarcane,Seedling,30.38
26.15,83.38,4.26,High,Rice,Flowering,37.73
34.81,56.98,5.22,Moderate,Maize,Vegetative,26.77
26.55,53.12,2.06,High,Wheat,Vegetative,32.76
29.62,51.28,7.15,Low,Cotton,Fruiting,41.04
38.51,83.23,9.58,Low,Wheat,Seedling,63.75
38.37,43.82,13.49,Low,Wheat,Flowering,47.35
23.91,85.04,19.41,Moderate,Cotton,Seedling,82.67
39.02,86.78,15.52,Moderate,Wheat,Seedling,64.79
32.05,57.19,12.45,High,Rice,Harvest,48.27
34.12,73.87,19.47,Low,Cotton,Fruiting,69.98
36.15,81.98,19.46,Low,Sugarcane,Fruiting,71.01
32.42,50.76,4.11,Low,Cotton,Vegetative,34.31
35.24,68.6,10.95,High,Rice,Seedling,55.36
39.21,43.25,5.16,Moderate,Wheat,Flowering,16.99
32.13,80.82,6.24,Low,Rice,Harvest,57.29
31.48,77.23,4.84,Low,Cotton,Seedling,44.41
30.3,47.74,18.09,Moderate,Rice,Seedling,62.61
28.03,49.83,1.68,High,Maize,Flowering,16.35
21.08,43.14,4.47,Low,Rice,Flowering,37.66
29.0,66.64,13.43,Low,Rice,Harvest,73.34
34.81,58.03,10.98,High,Maize,Flowering,38.02
34.83,75.4,4.75,Moderate,Maize,Flowering,29.12
31.17,88.69,11.95,Low,Wheat,Fruiting,69.98
37.15,69.9,6.82,Low,Sugarcane,Flowering,44.2
38.7,85.87,16.07,Low,Sugarcane,Seedling,77.84
34.96,89.11,7.61,High,Rice,Seedling,39.45
35.08,82.01,14.05,High,Wheat,Vegetative,59.08
22.68,77.0,8.09,Low,Sugarcane,Harvest,68.55
23.04,44.19,16.21,Moderate,Sugarcane,Vegetative,66.89
27.62,70.91,15.58,Low,Rice,Harvest,67.55
25.42,68.65,18.65,Low,Rice,Seedling,79.81
24.61,73.1,12.68,High,Maize,Fruiting,49.21
22.65,71.36,0.98,Low,Wheat,Vegetative,36.93
39.2,73.05,18.26,Moderate,Cotton,Flowering,62.58
34.7,52.7,3.83,Moderate,Rice,Vegetative,32.24
21.77,56.73,18.02,Low,Maize,Harvest,84.4
36.06,41.15,18.59,High,Cotton,Fruiting,41.65
27.6,54.4,0.57,Low,Maize,Seedling,35.19
27.17,55.02,9.54,Moderate,Sugarcane,Harvest,57.21
20.83,68.98,5.14,Low,Cotton,Harvest,54.42
28.71,88.15,5.19,Low,Rice,Fruiting,47.16
36.82,61.57,2.69,High,Cotton,Fruiting,20.43
38.53,62.14,17.6,Moderate,Sugarcane,Harvest,62.51
24.75,50.3,13.18,Low,Sugarcane,Vegetative,69.45
22.76,69.58,17.69,Low,Wheat,Harvest,78.7
38.44,64.1,11.78,High,Sugarcane,Seedling,49.45
32.31,50.72,0.33,Moderate,Rice,Flowering,25.8
30.42,79.88,15.31,High,Wheat,Harvest,57.01
34.37,54.49,1.47,High,Rice,Flowering,16.44
31.27,42.39,7.23,Moderate,Sugarcane,Vegetative,38.58
31.77,84.14,19.15,Moderate,Sugarcane,Vegetative,78.19
36.4,56.57,4.42,High,Sugarcane,Fruiting,14.7
31.13,83.23,15.18,Moderate,Cotton,Fruiting,68.82
26.63,74.44,2.98,Low,Maize,Harvest,49.2
37.45,47.94,18.12,High,Cotton,Seedling,59.45
22.22,50.92,4.91,Low,Rice,Fruiting,49.67
30.28,61.35,14.55,High,Sugarcane,Fruiting,57.7
32.78,65.12,12.22,Moderate,Maize,Flowering,55.02
24.38,88.68,14.68,High,Maize,Harvest,68.0
22.93,51.55,12.72,Low,Sugarcane,Flowering,66.46
33.67,75.46,11.99,Low,Cotton,Harvest,60.9
30.75,62.87,5.53,High,Rice,Flowering,38.96
27.72,84.37,18.57,Moderate,Sugarcane,Flowering,78.16
36.78,72.6,15.8,High,Sugarcane,Fruiting,48.23
24.48,70.66,7.11,Moderate,Rice,Flowering,51.71
28.72,84.34,12.23,Moderate,Cotton,Harvest,62.06
38.71,40.4,16.18,High,Wheat,Flowering,45.53
36.36,43.05,2.21,Low,Rice,Seedling,33.83
26.55,63.77,12.79,Low,Maize,Vegetative,59.05
25.62,67.07,14.9,Moderate,Cotton,Vegetative,66.08
28.2,42.44,12.57,Moderate,Sugarcane,Seedling,61.1
36.09,83.71,19.42,Moderate,Rice,Vegetative,68.11
26.0,40.25,16.77,Moderate,Wheat,Fruiting,62.13
27.49,84.06,7.98,High,Sugarcane,Seedling,58.64
26.53,53.63,17.62,Moderate,Wheat,Harvest,62.1
27.86,70.75,8.75,Moderate,Sugarcane,Vegetative,52.12
20.96,56.64,4.12,High,Maize,Harvest,39.46
22.14,74.54,14.21,Moderate,Sugarcane,Fruiting,69.73
38.51,47.68,10.03,High,Rice,Vegetative,42.26
37.59,87.46,19.4,High,Wheat,Harvest,63.78
20.39,64.86,6.8,Moderate,Cotton,Vegetative,45.54
23.17,49.12,5.2,High,Maize,Fruiting,32.28
30.24,54.43,7.91,Moderate,Cotton,Harvest,47.97
20.45,64.02,6.87,High,Cotton,Harvest,53.97
32.14,43.23,9.67,Moderate,Rice,Vegetative,43.69
33.76,54.95,15.87,High,Wheat,Flowering,44.69
22.01,85.88,12.4,Low,Cotton,Vegetative,74.71
32.88,73.15,9.52,Moderate,Sugarcane,Fruiting,44.19
35.6,69.12,0.73,Low,Maize,Flowering,25.71
32.26,72.43,14.17,High,Maize,Vegetative,63.84
28.64,63.54,9.85,Moderate,Sugarcane,Harvest,46.62
22.82,40.13,11.65,High,Rice,Fruiting,42.89
38.99,52.05,17.3,Moderate,Wheat,Flowering,53.98
29.33,89.71,13.28,Low,Rice,Flowering,69.96
29.25,82.94,15.33,High,Maize,Vegetative,66.82
36.37,72.96,13.88,Moderate,Wheat,Vegetative,54.97
27.31,88.1,6.74,Moderate,Rice,Vegetative,50.89
32.96,76.56,9.76,Low,Sugarcane,Harvest,54.33
32.97,63.38,12.39,Moderate,Wheat,Vegetative,59.67
30.73,88.34,6.99,Low,Cotton,Flowering,52.07
31.96,81.64,7.24,High,Rice,Fruiting,38.29
23.11,84.9,10.62,Moderate,Rice,Vegetative,62.91
24.77,77.08,13.1,High,Maize,Fruiting,49.16
20.36,45.09,8.01,High,Sugarcane,Seedling,41.93
39.58,73.47,9.78,High,Wheat,Flowering,30.88
26.99,55.97,6.8,Low,Cotton,Vegetative,49.15
25.67,75.69,8.05,Low,Sugarcane,Seedling,55.94
36.49,45.04,1.56,Moderate,Cotton,Seedling,26.3
20.79,45.24,14.99,Moderate,Sugarcane,Harvest,68.57
25.39,41.67,10.86,High,Cotton,Vegetative,52.19
26.25,74.0,7.96,High,Wheat,Seedling,53.7
27.3,80.52,4.73,High,Cotton,Fruiting,36.84
33.54,57.65,3.96,Moderate,Sugarcane,Vegetative,31.06
33.48,57.8,10.54,Moderate,Rice,Fruiting,36.67
22.56,66.7,4.29,Low,Wheat,Vegetative,55.21
36.41,77.66,12.24,Low,Maize,Vegetative,52.85
29.36,82.86,3.3,High,Maize,Harvest,33.26
28.1,73.62,4.5,Moderate,Cotton,Fruiting,38.57
36.4,43.13,13.89,High,Rice,Vegetative,46.63
37.08,84.57,0.22,Low,Sugarcane,Vegetative,40.06
35.48,61.85,7.3,Low,Sugarcane,Seedling,47.45
39.49,57.14,18.97,High,Sugarcane,Vegetative,62.63
29.42,69.56,5.29,Low,Wheat,Harvest,53.79
30.46,61.46,11.67,Low,Wheat,Vegetative,66.05
35.94,48.31,5.28,High,Wheat,Flowering,28.22
36.1,44.13,2.16,Moderate,Cotton,Harvest,28.01
22.93,56.66,12.37,Moderate,Sugarcane,Flowering,55.09
25.28,71.46,7.55,Moderate,Wheat,Vegetative,49.82
36.38,54.01,18.49,Low,Cotton,Seedling,73.53
33.75,73.29,15.29,High,Maize,Seedling,55.05
38.43,49.38,19.33,High,Maize,Vegetative,48.52
31.05,72.4,10.8,High,Cotton,Vegetative,48.75
39.02,61.44,6.02,Low,Cotton,Flowering,41.25
38.78,53.01,13.42,Low,Rice,Seedling,51.58
30.44,49.92,6.47,Low,Rice,Seedling,40.81
23.38,50.35,7.78,Low,Rice,Harvest,52.22
35.55,86.01,9.37,Moderate,Rice,Harvest,44.15
28.44,73.25,8.71,High,Wheat,Fruiting,41.42
34.81,58.66,9.66,High,Sugarcane,Seedling,44.19
23.71,44.69,2.95,Moderate,Cotton,Harvest,40.46
27.9,42.47,6.0,High,Sugarcane,Harvest,28.18
24.52,81.36,3.24,Moderate,Maize,Fruiting,38.03
28.59,54.93,11.78,Low,Sugarcane,Seedling,57.69
38.12,77.64,12.18,Low,Sugarcane,Flowering,59.33
31.38,88.26,14.39,Moderate,Rice,Vegetative,63.81
26.73,73.1,2.29,High,Sugarcane,Seedling,30.56
21.38,83.17,11.17,Low,Wheat,Fruiting,75.32
22.84,59.56,19.09,Moderate,Maize,Vegetative,69.48
26.64,52.33,11.97,High,Sugarcane,Vegetative,54.22
26.82,48.59,15.92,Low,Wheat,Seedling,67.92
34.7,77.84,11.01,High,Sugarcane,Flowering,49.5
30.29,47.08,16.86,High,Wheat,Vegetative,60.35
27.36,51.54,10.07,Moderate,Wheat,Harvest,51.95
20.09,58.1,4.79,Moderate,Rice,Fruiting,38.88
38.37,58.87,4.35,High,Maize,Seedling,19.95
23.26,44.07,0.94,Low,Wheat,Harvest,31.59
21.74,56.52,10.26,High,Cotton,Fruiting,48.2
20.24,51.03,16.16,High,Sugarcane,Seedling,65.55
29.86,82.85,13.99,Low,Rice,Flowering,65.32
29.04,42.85,11.46,Low,Wheat,Flowering,56.4
33.97,40.24,1.86,Moderate,Maize,Harvest,27.93
35.22,71.56,11.81,Low,Wheat,Fruiting,52.44
25.18,77.8,9.07,Moderate,Sugarcane,Fruiting,59.0
28.71,43.03,7.76,Low,Maize,Flowering,49.08
33.12,75.72,11.74,High,Sugarcane,Vegetative,56.53
32.78,63.62,4.73,Low,Wheat,Vegetative,38.5
35.82,77.42,14.45,Moderate,Maize,Fruiting,62.7
25.28,83.41,2.33,Low,Maize,Harvest,45.42
30.67,42.16,6.07,Moderate,Wheat,Seedling,38.13
39.82,59.35,17.13,Moderate,Wheat,Fruiting,46.46
31.89,82.44,17.82,Moderate,Cotton,Flowering,73.27
28.27,45.87,2.15,Moderate,Cotton,Fruiting,24.15
37.62,58.1,13.47,Moderate,Sugarcane,Flowering,46.35
30.23,79.51,3.03,Moderate,Cotton,Vegetative,37.07
26.76,87.16,13.61,Low,Cotton,Seedling,77.42
25.16,74.26,10.57,Moderate,Sugarcane,Seedling,66.89
27.58,69.51,11.95,High,Sugarcane,Seedling,51.57
22.64,60.49,10.96,Low,Cotton,Fruiting,65.28
37.81,61.95,7.49,Low,Wheat,Harvest,44.86
36.51,47.22,4.46,Moderate,Cotton,Vegetative,34.84
36.16,86.14,1.4,Low,Rice,Fruiting,39.14
39.77,46.16,11.08,Moderate,Wheat,Vegetative,42.98
20.65,66.98,18.02,Low,Maize,Vegetative,76.84
23.85,87.08,4.84,Low,Wheat,Harvest,58.12
24.6,54.0,0.45,Moderate,Rice,Fruiting,28.57
39.49,75.39,13.6,Low,Sugarcane,Harvest,57.45
22.61,57.05,10.75,Moderate,Maize,Vegetative,58.26
21.81,65.29,4.85,High,Rice,Seedling,48.38
37.23,53.25,10.62,High,Maize,Flowering,35.06
35.6,57.03,2.13,High,Cotton,Seedling,20.41
27.24,88.15,18.09,High,Rice,Flowering,65.41
28.88,78.01,6.05,Low,Maize,Flowering,53.42
29.59,82.98,19.02,High,Cotton,Fruiting,68.78
20.55,49.02,4.57,High,Wheat,Vegetative,31.28
37.75,85.85,0.68,Low,Cotton,Flowering,33.01
39.29,86.13,19.03,High,Wheat,Harvest,70.25
31.32,78.84,3.19,High,Sugarcane,Vegetative,39.84
33.99,52.58,3.15,Moderate,Cotton,Flowering,30.27
23.47,80.87,9.48,High,Cotton,Fruiting,48.3
22.3,40.42,3.89,Low,Cotton,Harvest,41.95
29.42,40.97,1.57,Low,Wheat,Harvest,31.01
26.77,43.96,18.78,Low,Wheat,Seedling,67.4
37.75,58.04,7.33,Moderate,Rice,Fruiting,29.74
29.97,46.87,17.3,Low,Rice,Flowering,61.64
22.63,63.32,13.0,Low,Rice,Flowering,59.23
33.62,68.56,5.06,Low,Rice,Vegetative,49.69
27.96,64.06,18.17,Moderate,Maize,Harvest,77.74
36.1,50.08,11.46,Moderate,Cotton,Fruiting,35.62
24.76,67.77,7.96,High,Rice,Fruiting,35.82
21.76,52.98,8.91,High,Wheat,Vegetative,41.24
29.71,53.39,13.27,Moderate,Cotton,Seedling,59.38
29.21,44.78,0.89,Low,Cotton,Fruiting,26.97
39.62,88.77,13.39,Low,Cotton,Vegetative,61.0
31.43,42.31,16.97,Low,Cotton,Flowering,53.9
24.54,47.47,11.3,Low,Maize,Harvest,60.83
23.95,63.83,6.81,Low,Cotton,Seedling,53.47
39.29,71.58,7.44,Moderate,Rice,Seedling,41.28
24.22,70.22,8.87,Moderate,Cotton,Vegetative,62.78
38.08,63.33,16.61,Moderate,Maize,Seedling,69.0
39.26,85.74,5.98,Moderate,Wheat,Harvest,40.06
27.71,57.29,1.59,High,Wheat,Seedling,24.36
33.06,87.62,19.36,Moderate,Sugarcane,Vegetative,80.59
32.92,75.41,9.22,Low,Maize,Flowering,46.63
26.11,71.48,6.85,Moderate,Cotton,Fruiting,45.93
23.3,88.72,7.53,Moderate,Rice,Flowering,61.01
35.05,82.57,4.46,High,Rice,Vegetative,37.36
31.43,78.14,4.53,High,Rice,Flowering,27.27
29.42,83.21,19.22,High,Rice,Seedling,75.79
20.19,43.29,13.98,Moderate,Wheat,Fruiting,56.23
25.76,48.39,7.64,High,Wheat,Vegetative,37.57
31.88,86.14,4.42,High,Wheat,Seedling,42.59
21.69,87.87,18.46,High,Rice,Seedling,83.48
22.97,52.09,18.88,Low,Sugarcane,Vegetative,82.9
27.92,85.57,5.17,Moderate,Sugarcane,Harvest,56.22
20.25,40.58,1.32,Moderate,Wheat,Harvest,37.63
24.35,56.5,10.55,High,Maize,Fruiting,50.5
23.27,68.76,12.75,High,Maize,Harvest,57.74
28.31,74.68,15.75,Low,Maize,Vegetative,79.21
20.4,48.44,8.63,Low,Maize,Fruiting,55.86
24.73,56.22,0.85,Low,Wheat,Harvest,38.96
31.49,75.16,12.72,Moderate,Maize,Fruiting,53.85
37.29,72.25,6.02,Moderate,Cotton,Fruiting,31.08
34.75,56.24,5.2,Low,Maize,Vegetative,41.77
22.5,70.96,11.97,High,Rice,Fruiting,53.71
27.27,83.15,18.92,Low,Cotton,Vegetative,80.65
24.62,68.73,11.75,Moderate,Maize,Vegetative,64.6
33.44,83.26,15.82,High,Maize,Vegetative,62.24
31.16,51.12,9.13,Low,Cotton,Seedling,57.76
24.93,86.71,4.65,Moderate,Wheat,Vegetative,43.11
39.72,61.16,2.03,Low,Wheat,Flowering,30.17
38.67,41.08,11.4,Moderate,Wheat,Fruiting,30.98
24.83,57.34,6.48,Low,Sugarcane,Seedling,46.6
36.43,56.33,16.38,Moderate,Rice,Flowering,60.95
26.49,82.96,1.08,High,Maize,Seedling,33.45
23.05,72.38,13.74,Moderate,Maize,Fruiting,60.39
21.57,71.03,7.43,Moderate,Rice,Vegetative,51.53
30.21,80.63,18.83,High,Rice,Harvest,63.91
24.99,88.86,19.47,Moderate,Rice,Flowering,82.95
24.46,74.43,12.22,Moderate,Rice,Harvest,67.05
29.41,56.66,9.94,Moderate,Maize,Fruiting,52.53
37.88,59.62,15.95,Low,Cotton,Vegetative,69.36
28.19,40.87,15.68,Low,Sugarcane,Vegetative,68.73
21.49,73.48,10.73,Moderate,Sugarcane,Vegetative,59.51
20.19,78.96,9.16,Low,Maize,Seedling,65.31
21.09,70.36,13.19,High,Maize,Fruiting,59.78
29.21,43.87,3.8,Low,Sugarcane,Seedling,45.76
30.1,77.26,11.86,Low,Rice,Seedling,72.85
35.31,60.88,1.92,Low,Wheat,Harvest,27.62
36.62,66.22,11.15,High,Cotton,Vegetative,36.71
35.98,84.79,13.13,Moderate,Wheat,Harvest,59.91
28.15,65.41,14.15,High,Maize,Seedling,59.67
33.7,86.63,18.62,Low,Maize,Seedling,83.57
27.64,89.66,15.17,High,Wheat,Fruiting,62.82
30.48,40.6,18.98,High,Sugarcane,Vegetative,63.74
34.48,89.18,2.25,High,Maize,Fruiting,23.59
23.86,50.54,8.4,Low,Sugarcane,Harvest,49.13
34.49,79.05,19.19,Low,Rice,Fruiting,75.0
39.05,66.02,11.97,High,Cotton,Flowering,33.55
25.11,88.85,12.15,Low,Sugarcane,Fruiting,74.56
25.2,64.04,11.29,Moderate,Sugarcane,Harvest,58.13
28.36,58.63,17.37,Moderate,Sugarcane,Seedling,62.46
26.09,61.56,7.02,High,Maize,Fruiting,33.36
26.07,86.31,1.79,Low,Sugarcane,Vegetative,49.39
22.93,75.99,2.69,High,Maize,Fruiting,32.67
35.82,52.01,9.39,Moderate,Sugarcane,Vegetative,33.9
24.0,58.93,13.75,Moderate,Rice,Harvest,67.25
36.79,45.39,5.66,Moderate,Wheat,Seedling,38.27
22.87,73.24,2.77,Moderate,Maize,Flowering,36.91
33.16,89.84,5.92,Low,Cotton,Seedling,57.1
31.72,67.53,4.18,Moderate,Sugarcane,Fruiting,29.87
30.2,46.76,7.55,Moderate,Wheat,Seedling,37.71
35.87,54.1,10.52,High,Rice,Seedling,34.16
21.59,51.17,3.15,Moderate,Cotton,Vegetative,46.78
29.83,88.68,5.56,Moderate,Cotton,Harvest,56.36
28.26,89.52,8.27,Moderate,Wheat,Harvest,58.35
33.86,57.96,10.44,Moderate,Wheat,Vegetative,44.66
29.05,56.37,8.08,Low,Wheat,Vegetative,46.44
22.59,84.83,5.74,Moderate,Sugarcane,Fruiting,49.23
36.96,87.67,3.69,Low,Maize,Harvest,44.87
20.87,53.12,18.46,High,Wheat,Harvest,74.97
20.24,43.47,8.05,Low,Cotton,Seedling,61.16
24.35,46.35,10.54,Moderate,Maize,Fruiting,49.77
20.67,67.84,15.99,Moderate,Rice,Flowering,63.24
27.82,56.15,11.03,Moderate,Maize,Flowering,43.34
22.89,79.96,5.19,High,Wheat,Flowering,42.68
36.73,49.57,1.41,Moderate,Wheat,Fruiting,11.82
27.34,51.32,1.47,Low,Cotton,Seedling,40.89
27.61,59.03,11.74,Low,Maize,Seedling,64.12
24.97,68.69,0.13,Low,Rice,Flowering,35.18
35.65,44.63,10.03,High,Rice,Seedling,42.97
36.08,70.78,14.67,Moderate,Cotton,Vegetative,64.86
34.53,60.46,11.04,Low,Maize,Seedling,63.3
24.41,43.92,1.86,Low,Cotton,Seedling,32.51
37.16,82.74,12.67,Moderate,Rice,Flowering,59.71
33.95,51.57,6.3,Low,Sugarcane,Harvest,43.87
26.19,62.52,10.05,Moderate,Rice,Harvest,57.83
35.85,80.33,18.05,Moderate,Rice,Flowering,67.7
30.07,66.33,1.38,Low,Rice,Flowering,38.83
27.07,85.52,5.44,Moderate,Wheat,Vegetative,49.29
33.23,63.62,5.38,Low,Sugarcane,Flowering,31.78
24.3,89.66,8.99,Moderate,Cotton,Harvest,63.05
39.39,62.49,12.09,Low,Wheat,Harvest,46.54
24.58,77.39,19.98,Moderate,Rice,Vegetative,86.56
28.09,55.02,0.09,Moderate,Rice,Vegetative,22.92
35.18,62.55,4.67,Low,Cotton,Seedling,39.46
38.51,59.83,1.75,Low,Rice,Seedling,39.93
32.05,72.2,5.91,Low,Wheat,Flowering,39.64
20.75,86.55,0.43,Moderate,Sugarcane,Flowering,47.52
28.0,69.97,17.54,Moderate,Cotton,Harvest,72.63
30.18,65.84,9.35,High,Wheat,Fruiting,46.11
20.51,42.68,17.84,Moderate,Rice,Seedling,70.76
38.99,78.26,4.44,Moderate,Maize,Harvest,42.57
31.91,80.45,16.32,Low,Sugarcane,Harvest,67.16
38.63,43.69,2.13,High,Sugarcane,Seedling,25.77
25.56,41.18,18.44,Moderate,Maize,Flowering,55.85
39.43,57.83,16.98,Moderate,Sugarcane,Flowering,48.8
24.67,73.1,6.06,High,Sugarcane,Flowering,38.51
23.24,68.38,2.18,High,Rice,Vegetative,39.35
27.2,85.34,17.53,Low,Maize,Harvest,84.52
31.71,49.01,12.53,Moderate,Wheat,Fruiting,50.38
39.14,70.67,12.95,Moderate,Wheat,Seedling,62.29
24.33,68.4,6.07,Moderate,Wheat,Flowering,44.52
34.35,47.61,18.36,High,Cotton,Flowering,57.73
27.52,56.48,13.23,High,Wheat,Fruiting,51.58
27.76,62.66,1.85,High,Rice,Vegetative,26.04
24.02,46.22,15.3,High,Sugarcane,Fruiting,60.31
28.61,58.26,11.18,Low,Sugarcane,Vegetative,63.38
29.25,46.26,17.62,Low,Sugarcane,Vegetative,65.67
27.86,80.57,11.15,Low,Maize,Flowering,59.7
28.01,80.98,10.7,High,Sugarcane,Seedling,50.05
25.92,88.86,12.92,Moderate,Sugarcane,Seedling,75.9
24.62,75.87,5.01,Low,Sugarcane,Seedling,58.68
39.71,59.88,14.95,Low,Maize,Flowering,48.1
36.68,72.42,6.59,High,Wheat,Fruiting,39.64
20.14,73.34,15.68,Low,Rice,Seedling,86.47
28.48,60.76,16.92,Moderate,Wheat,Harvest,62.79
25.05,78.57,12.47,High,Rice,Vegetative,67.13
37.11,40.06,13.45,High,Cotton,Vegetative,43.4
23.86,82.68,13.32,Moderate,Cotton,Harvest,61.84
33.61,87.51,18.26,High,Sugarcane,Fruiting,58.58
33.48,50.9,1.23,High,Maize,Harvest,14.19
33.53,87.2,9.32,High,Wheat,Fruiting,50.54
38.77,88.47,14.49,Low,Cotton,Vegetative,60.43
21.44,89.57,10.94,Low,Rice,Fruiting,64.2
21.63,76.36,7.95,Moderate,Rice,Fruiting,51.24
32.76,71.37,14.36,Low,Wheat,Vegetative,64.41
35.29,74.51,8.73,Low,Sugarcane,Harvest,47.36
38.26,70.47,1.32,Moderate,Sugarcane,Flowering,15.68
24.88,51.27,11.55,Low,Cotton,Vegetative,62.42
39.55,47.0,17.99,Low,Sugarcane,Fruiting,63.62
23.5,84.4,4.81,High,Maize,Harvest,51.63
31.35,82.28,3.31,Low,Maize,Vegetative,52.4
28.29,52.86,6.03,High,Maize,Vegetative,40.31
34.94,61.46,14.07,High,Sugarcane,Harvest,44.25
39.44,45.81,6.18,Low,Wheat,Seedling,35.6
20.49,75.38,0.49,High,Sugarcane,Fruiting,25.66
26.68,75.12,11.88,High,Rice,Fruiting,55.51
23.34,64.07,9.58,High,Rice,Vegetative,57.38
31.54,74.4,0.32,High,Maize,Fruiting,30.05
29.36,45.81,3.57,High,Sugarcane,Fruiting,26.71
24.33,49.51,10.17,Low,Cotton,Seedling,53.57
26.39,72.89,11.79,Moderate,Sugarcane,Vegetative,64.24
39.4,79.83,3.91,Moderate,Sugarcane,Harvest,32.08
26.93,68.22,12.87,Low,Maize,Fruiting,58.55
21.71,43.22,13.51,Moderate,Sugarcane,Seedling,56.81
30.55,47.42,7.1,High,Sugarcane,Fruiting,24.07
23.21,87.4,5.83,Low,Wheat,Vegetative,51.97
20.29,42.15,7.96,Low,Rice,Harvest,56.12
31.56,48.31,5.05,High,Cotton,Vegetative,29.54
24.46,85.46,17.29,Low,Rice,Fruiting,82.04
30.43,50.14,3.44,Moderate,Wheat,Fruiting,35.97
35.25,54.53,6.98,Low,Rice,Fruiting,32.65
21.28,62.46,0.45,Moderate,Wheat,Harvest,36.22
36.59,43.47,13.64,Low,Sugarcane,Harvest,55.95
35.24,50.47,7.91,Low,Wheat,Harvest,47.05
26.54,56.6,13.69,Low,Rice,Flowering,67.03
20.65,45.74,6.07,High,Maize,Vegetative,33.62
37.54,50.4,0.95,Low,Sugarcane,Seedling,36.11
22.69,52.03,0.77,High,Cotton,Vegetative,20.2
38.09,73.48,13.66,High,Maize,Vegetative,58.56
26.62,50.24,2.29,Moderate,Cotton,Vegetative,38.4
31.21,83.22,2.24,Moderate,Sugarcane,Vegetative,32.91
36.8,79.23,12.24,High,Sugarcane,Flowering,38.4
24.13,40.07,7.48,Moderate,Rice,Seedling,43.41
28.72,53.2,9.29,Low,Cotton,Flowering,45.06
34.69,67.62,2.0,High,Rice,Fruiting,20.45
22.85,87.27,16.6,Low,Cotton,Seedling,86.8
25.91,45.95,0.12,Low,Cotton,Fruiting,30.17
39.56,60.79,14.62,Low,Rice,Flowering,59.14
34.17,58.62,13.96,High,Wheat,Vegetative,52.53
39.59,86.77,6.49,High,Wheat,Fruiting,36.0
32.72,51.75,18.42,High,Rice,Flowering,54.82
28.09,86.92,14.92,High,Wheat,Harvest,63.25
35.43,44.35,18.29,Low,Maize,Flowering,60.3
28.71,49.08,8.91,High,Cotton,Harvest,35.19
20.81,44.12,8.9,High,Cotton,Seedling,54.68
20.4,85.42,7.17,High,Cotton,Seedling,59.39
31.86,45.89,10.87,Low,Maize,Vegetative,46.04
39.83,51.01,19.15,Moderate,Maize,Flowering,57.11
23.62,56.3,15.87,High,Sugarcane,Fruiting,55.05
29.92,70.36,17.05,Low,Wheat,Fruiting,77.51
35.95,51.17,14.17,Moderate,Sugarcane,Fruiting,55.31
28.84,52.51,15.34,High,Rice,Seedling,65.39
20.01,68.5,17.84,Moderate,Cotton,Harvest,77.23
38.97,79.9,2.18,Moderate,Wheat,Vegetative,25.45
24.1,58.95,10.43,Moderate,Rice,Seedling,64.0
23.92,62.93,13.62,Low,Wheat,Harvest,70.88
37.76,69.34,14.43,Low,Sugarcane,Flowering,55.59
22.12,45.84,4.93,High,Cotton,Fruiting,33.14
37.21,69.72,9.33,High,Maize,Fruiting,43.63
38.25,82.82,4.41,High,Sugarcane,Harvest,39.06
33.53,84.13,2.91,Moderate,Cotton,Harvest,39.01
30.25,45.25,15.46,Moderate,Wheat,Harvest,56.87
33.93,42.56,18.19,High,Rice,Seedling,56.17
29.93,54.23,11.65,High,Maize,Flowering,39.96
33.68,72.13,5.05,Moderate,Maize,Seedling,47.4
20.86,60.15,18.11,Low,Sugarcane,Vegetative,78.37
35.42,57.17,13.08,Moderate,Sugarcane,Flowering,55.49
22.18,59.55,18.73,High,Maize,Vegetative,67.78
33.05,65.77,18.42,High,Maize,Harvest,66.67
29.24,70.3,15.66,Moderate,Maize,Harvest,71.83
29.01,77.82,18.44,Moderate,Maize,Fruiting,73.36
35.95,43.6,9.54,Moderate,Wheat,Flowering,38.14
29.78,87.76,4.21,Moderate,Rice,Fruiting,41.22
27.76,84.01,13.72,Low,Maize,Seedling,76.45
20.05,65.39,4.36,High,Wheat,Vegetative,37.22
34.31,65.05,5.65,Low,Wheat,Fruiting,40.8
32.08,46.49,11.09,High,Rice,Vegetative,37.27
35.3,88.1,18.59,High,Sugarcane,Flowering,59.22
29.17,55.68,13.42,Moderate,Rice,Flowering,54.86
23.12,69.71,1.07,Low,Wheat,Vegetative,40.06
29.75,54.6,15.84,Moderate,Rice,Harvest,57.32
27.14,58.41,13.9,Low,Wheat,Seedling,60.05
22.27,52.57,3.89,Moderate,Maize,Flowering,37.53
35.99,79.96,2.22,Low,Rice,Harvest,40.1
38.54,69.85,19.13,Low,Sugarcane,Seedling,78.69
26.5,61.88,8.1,Low,Wheat,Vegetative,60.69
30.82,51.84,14.2,Low,Maize,Fruiting,53.87
28.38,74.75,4.97,Low,Maize,Flowering,43.57
36.23,57.01,6.66,Low,Sugarcane,Vegetative,45.06
28.57,64.99,9.75,High,Cotton,Flowering,49.86
24.33,72.31,9.76,Low,Cotton,Harvest,55.69
33.57,60.55,0.58,Low,Wheat,Fruiting,28.63
34.42,89.15,16.7,Moderate,Cotton,Seedling,66.89
33.71,47.48,11.28,Moderate,Maize,Seedling,46.5
29.16,70.27,8.63,Moderate,Rice,Seedling,60.04
33.56,48.63,1.12,High,Wheat,Flowering,12.15
20.66,61.82,9.51,Low,Rice,Fruiting,52.86
21.48,72.45,13.72,High,Wheat,Harvest,67.49
37.1,43.63,11.93,High,Sugarcane,Harvest,33.0
20.05,56.86,0.5,Low,Wheat,Vegetative,47.83
20.84,42.78,11.18,Low,Cotton,Vegetative,62.2
28.89,53.99,9.08,Low,Maize,Flowering,49.99
26.48,76.77,10.71,Moderate,Wheat,Harvest,66.35
21.24,49.68,3.18,High,Cotton,Seedling,43.27
39.62,48.37,19.52,High,Rice,Flowering,46.9
34.07,58.28,11.59,Low,Maize,Fruiting,49.26
36.89,60.85,13.85,Low,Sugarcane,Flowering,53.25
33.9,52.85,16.33,Moderate,Wheat,Flowering,54.04
29.06,63.29,5.01,Moderate,Cotton,Harvest,36.93
28.83,80.52,13.98,Moderate,Sugarcane,Flowering,61.5
29.16,83.38,19.88,Low,Wheat,Harvest,84.65
32.13,87.67,3.06,Moderate,Wheat,Fruiting,37.69
35.91,46.82,15.93,Low,Sugarcane,Seedling,64.68
35.12,52.86,8.75,Low,Maize,Vegetative,51.86
21.49,65.8,8.48,Moderate,Sugarcane,Fruiting,51.89
20.21,50.06,13.8,High,Sugarcane,Fruiting,51.1
29.44,83.5,16.76,High,Rice,Vegetative,66.83
30.47,84.88,17.6,Moderate,Wheat,Harvest,76.76
24.76,58.65,13.71,Low,Sugarcane,Seedling,62.3
32.08,88.86,11.13,Moderate,Cotton,Seedling,61.84
20.06,75.12,9.43,High,Cotton,Fruiting,52.01
37.97,58.35,0.79,Moderate,Rice,Seedling,24.41
25.7,54.25,4.5,High,Cotton,Flowering,34.33
31.94,62.65,3.03,Moderate,Sugarcane,Seedling,38.62
26.55,43.37,0.7,High,Rice,Seedling,27.13
21.02,45.31,11.11,Moderate,Rice,Vegetative,47.41
20.96,57.4,5.78,Moderate,Wheat,Vegetative,50.42
32.36,41.64,0.24,High,Wheat,Harvest,22.55
29.41,85.22,15.81,Moderate,Maize,Fruiting,69.61
33.08,83.0,6.68,Low,Cotton,Fruiting,45.27
37.34,89.39,14.96,Moderate,Wheat,Flowering,54.28
33.26,74.02,15.27,Moderate,Wheat,Seedling,61.69
28.09,45.65,15.57,Low,Sugarcane,Flowering,53.11
35.87,74.0,7.33,Low,Wheat,Fruiting,51.63
39.67,78.37,17.37,Moderate,Sugarcane,Harvest,68.33
33.73,62.36,10.67,High,Sugarcane,Seedling,51.6
26.4,64.82,1.77,Moderate,Maize,Harvest,38.74
36.0,66.05,12.31,Moderate,Cotton,Harvest,45.36
25.46,70.61,10.31,Low,Maize,Harvest,60.91
25.66,42.26,7.11,Moderate,Maize,Flowering,30.22
32.34,67.89,4.18,Moderate,Maize,Vegetative,34.77
39.48,76.83,2.19,Low,Rice,Seedling,43.86
30.36,80.03,17.23,High,Maize,Fruiting,65.47
37.94,70.48,13.37,High,Maize,Harvest,44.76
23.32,52.14,16.54,Moderate,Rice,Harvest,70.03
21.05,72.95,14.46,Low,Maize,Harvest,67.99
35.19,84.24,2.96,Moderate,Maize,Vegetative,35.17
39.36,64.77,18.65,Low,Maize,Flowering,60.72
36.52,81.13,10.34,Moderate,Cotton,Seedling,57.36
22.82,43.21,15.17,Moderate,Sugarcane,Flowering,59.82
30.8,62.34,7.73,Moderate,Wheat,Harvest,41.03
29.11,45.18,14.42,Moderate,Sugarcane,Vegetative,49.28
28.6,62.9,9.98,High,Rice,Flowering,40.45
22.88,81.61,3.62,Moderate,Sugarcane,Harvest,54.85
30.37,70.93,11.79,High,Cotton,Fruiting,54.97
26.61,53.94,10.25,Moderate,Maize,Seedling,49.21
20.09,85.9,18.52,Low,Cotton,Vegetative,88.1
37.81,40.16,6.57,High,Sugarcane,Vegetative,28.38
26.66,89.55,19.76,High,Wheat,Flowering,72.04
24.98,70.14,2.22,Moderate,Cotton,Flowering,40.54
29.57,52.12,14.38,High,Maize,Fruiting,42.52
37.74,89.06,8.19,Moderate,Wheat,Vegetative,51.76
24.8,84.81,19.32,Moderate,Rice,Fruiting,75.47
25.05,41.51,6.32,Low,Rice,Fruiting,33.88
34.13,62.48,18.48,Low,Wheat,Seedling,68.51
28.8,73.76,16.17,High,Sugarcane,Seedling,66.25
32.71,48.1,5.97,Moderate,Sugarcane,Vegetative,41.18
36.0,45.26,12.51,Low,Cotton,Seedling,53.16
36.95,67.88,9.77,Low,Sugarcane,Fruiting,40.54
33.94,54.94,12.45,High,Maize,Harvest,44.14
24.63,61.65,14.17,Moderate,Rice,Harvest,70.85
23.3,82.73,13.61,Low,Maize,Vegetative,68.34
23.43,73.14,14.1,Moderate,Sugarcane,Harvest,60.88
38.51,81.71,12.27,Moderate,Cotton,Harvest,55.11
26.2,66.84,17.81,High,Cotton,Flowering,62.46
20.72,47.71,4.85,High,Wheat,Vegetative,42.44
30.81,83.35,9.21,High,Wheat,Vegetative,53.55
38.36,50.4,8.65,Moderate,Cotton,Fruiting,41.14
22.54,62.13,17.45,Moderate,Cotton,Fruiting,63.18
38.89,75.12,15.56,Low,Sugarcane,Vegetative,65.12
34.78,89.08,14.45,Low,Rice,Harvest,77.59
29.66,68.05,16.62,Moderate,Rice,Seedling,67.76
33.32,51.38,4.44,High,Maize,Flowering,23.21
26.84,61.26,3.86,High,Wheat,Fruiting,30.39
34.28,41.83,5.09,Low,Maize,Harvest,33.03
31.68,50.92,18.83,Moderate,Wheat,Vegetative,60.08
26.89,86.22,8.96,Low,Maize,Vegetative,67.68
20.84,76.34,3.05,Moderate,Maize,Flowering,49.47
30.42,76.32,14.01,Low,Cotton,Fruiting,70.66
39.66,72.46,5.86,Low,Sugarcane,Fruiting,45.44
30.75,87.72,7.19,High,Sugarcane,Flowering,40.93
32.9,51.64,7.82,Moderate,Sugarcane,Harvest,32.54
39.28,53.93,13.42,Moderate,Sugarcane,Fruiting,48.22
24.14,75.58,12.47,Low,Wheat,Flowering,66.51
26.61,66.73,18.36,Moderate,Rice,Seedling,77.67
28.46,48.08,13.55,Moderate,Maize,Harvest,60.91
33.55,53.95,3.19,Moderate,Rice,Fruiting,24.96
32.72,69.73,4.13,Low,Wheat,Seedling,40.44
39.1,68.8,0.58,Low,Wheat,Harvest,29.62
37.34,58.8,10.89,Low,Maize,Fruiting,47.52
21.07,84.55,10.96,Low,Rice,Harvest,74.4
38.93,58.3,4.37,Moderate,Maize,Vegetative,27.18
29.17,46.47,13.12,Moderate,Wheat,Harvest,57.74
21.42,55.94,7.62,High,Sugarcane,Harvest,43.3
33.94,69.07,17.96,Moderate,Sugarcane,Flowering,64.17
32.23,58.54,7.36,Moderate,Maize,Vegetative,44.98
27.73,68.16,12.63,Moderate,Rice,Flowering,56.27
37.51,87.85,5.72,Low,Cotton,Vegetative,49.92
38.84,74.48,2.62,High,Maize,Vegetative,30.98
21.23,62.66,13.37,High,Cotton,Vegetative,64.63
21.49,72.51,1.93,Low,Cotton,Vegetative,41.29
36.64,58.71,5.91,Moderate,Maize,Vegetative,28.26
24.09,79.47,13.3,Moderate,Sugarcane,Harvest,73.94
29.26,41.29,14.61,High,Wheat,Flowering,53.34
23.77,76.44,13.66,Low,Wheat,Seedling,79.54
34.76,54.23,19.83,Low,Wheat,Harvest,66.29
35.46,51.68,12.88,Low,Cotton,Flowering,43.92
35.94,44.43,11.03,Low,Maize,Vegetative,45.5
31.43,69.15,1.22,Low,Maize,Fruiting,35.01
25.06,46.81,18.22,Low,Wheat,Flowering,65.92
20.16,67.68,11.89,Low,Wheat,Flowering,69.19
34.6,51.66,16.02,High,Maize,Fruiting,41.16
24.29,78.36,12.47,High,Wheat,Fruiting,55.35
28.32,49.28,4.78,Low,Rice,Seedling,38.06
35.47,70.96,17.66,High,Wheat,Harvest,54.1
24.48,44.61,11.84,Moderate,Cotton,Seedling,50.45
30.51,70.12,11.12,High,Cotton,Seedling,53.35
33.55,55.1,7.21,Low,Rice,Harvest,38.28
31.51,69.5,10.26,Low,Wheat,Vegetative,54.35
39.28,76.35,13.92,Low,Sugarcane,Vegetative,56.84
28.62,83.13,7.97,Low,Maize,Seedling,67.16
21.7,82.91,4.35,High,Cotton,Seedling,49.98
37.76,79.66,9.58,Low,Maize,Seedling,49.56
34.44,79.09,0.46,Low,Maize,Flowering,33.67
28.6,87.91,1.53,High,Sugarcane,Fruiting,29.38
36.53,64.8,6.94,High,Wheat,Flowering,33.8
33.06,47.6,1.5,Moderate,Wheat,Seedling,25.44
36.7,73.11,19.19,High,Rice,Seedling,68.23
37.06,77.22,15.38,Moderate,Sugarcane,Seedling,70.62
35.19,68.67,7.58,Low,Rice,Fruiting,42.51
29.23,40.68,11.88,Moderate,Sugarcane,Harvest,54.76
39.36,59.86,12.09,High,Wheat,Vegetative,37.56
29.22,41.46,2.16,High,Maize,Harvest,27.91
35.63,69.0,17.33,Low,Maize,Seedling,72.27
23.96,49.13,5.96,Low,Sugarcane,Flowering,49.92
35.57,54.66,17.63,High,Cotton,Harvest,50.81
37.51,48.55,9.36,High,Rice,Harvest,34.04
22.84,82.55,6.5,High,Wheat,Flowering,46.6
26.75,53.72,6.33,Low,Wheat,Harvest,51.95
37.88,87.74,15.63,Low,Maize,Harvest,75.19
35.57,51.76,9.91,High,Wheat,Harvest,41.24
23.91,83.9,16.82,Low,Wheat,Vegetative,82.56
20.65,74.74,8.22,Moderate,Maize,Harvest,54.97
28.42,79.98,10.35,High,Sugarcane,Flowering,42.6
24.62,78.34,2.61,Moderate,Wheat,Seedling,44.87
26.9,48.43,8.85,Moderate,Rice,Seedling,44.64
30.27,40.24,2.07,High,Maize,Flowering,22.2
27.4,48.91,2.25,Moderate,Wheat,Fruiting,33.97
21.45,66.95,2.37,Moderate,Sugarcane,Seedling,49.89
37.55,43.81,10.33,Low,Sugarcane,Seedling,51.35
26.83,75.46,5.39,Moderate,Maize,Vegetative,50.9
30.02,52.34,10.13,Moderate,Wheat,Fruiting,43.21
39.77,80.35,3.97,High,Maize,Flowering,22.52
26.76,68.33,13.49,Moderate,Rice,Seedling,60.46
20.14,44.31,12.02,Moderate,Wheat,Vegetative,57.57
23.0,51.03,10.45,High,Sugarcane,Flowering,47.89
33.81,72.58,14.54,Moderate,Wheat,Fruiting,61.48
24.64,58.38,15.72,Low,Cotton,Flowering,72.79
32.62,41.07,15.8,Low,Maize,Seedling,66.48
32.09,44.25,13.66,Moderate,Rice,Harvest,45.47
23.78,80.18,15.81,Low,Wheat,Flowering,79.87
32.57,68.1,3.78,High,Sugarcane,Fruiting,20.23
33.82,48.64,9.74,High,Maize,Harvest,35.33
34.2,55.24,3.62,Moderate,Maize,Flowering,28.98
27.74,68.8,5.87,Low,Sugarcane,Flowering,51.88
22.61,57.14,10.01,Low,Rice,Fruiting,63.55
34.85,89.8,18.62,Low,Sugarcane,Vegetative,75.36
29.22,73.11,5.69,Moderate,Cotton,Vegetative,40.82
33.48,80.81,14.23,High,Wheat,Vegetative,56.53
38.19,65.72,9.73,Low,Rice,Seedling,45.02
20.26,67.81,18.92,Low,Cotton,Flowering,82.94
26.76,60.25,1.5,High,Wheat,Seedling,36.67
37.48,78.91,18.8,Moderate,Cotton,Flowering,58.49
38.42,54.42,12.51,High,Wheat,Flowering,41.53
35.48,79.36,17.74,High,Wheat,Vegetative,63.19
33.49,80.48,14.26,Moderate,Sugarcane,Harvest,70.62
22.49,50.41,18.37,Moderate,Maize,Fruiting,63.93
29.13,75.55,1.92,Low,Maize,Harvest,43.55
37.67,76.45,1.29,High,Sugarcane,Seedling,29.44
30.43,69.73,1.46,High,Rice,Fruiting,28.43
22.42,89.44,2.39,Moderate,Sugarcane,Flowering,40.23
34.25,44.09,2.06,High,Cotton,Vegetative,12.32
31.53,58.16,6.07,High,Maize,Fruiting,25.98
34.63,78.48,10.32,High,Maize,Vegetative,43.4
40.0,73.46,19.41,High,Sugarcane,Fruiting,49.82
29.38,68.03,2.42,Low,Maize,Vegetative,35.99
38.63,47.84,15.02,High,Cotton,Seedling,48.3
23.27,48.3,9.66,High,Rice,Harvest,44.67
28.12,76.4,2.97,Moderate,Maize,Vegetative,41.75
24.3,68.55,19.95,Moderate,Rice,Fruiting,71.93
35.16,73.43,2.67,Low,Rice,Seedling,35.8
39.86,63.62,16.64,High,Cotton,Seedling,53.96
36.21,64.37,15.53,High,Cotton,Fruiting,56.21
34.1,61.73,16.15,High,Wheat,Vegetative,48.35
36.01,79.72,14.13,High,Cotton,Vegetative,51.56
25.43,47.73,13.9,Moderate,Sugarcane,Flowering,55.21
37.3,86.69,3.52,Moderate,Maize,Seedling,45.55
35.97,73.66,5.38,Moderate,Sugarcane,Flowering,34.22
28.54,59.76,13.54,Low,Cotton,Harvest,58.45
22.06,89.9,5.43,Moderate,Cotton,Flowering,43.32
38.39,42.02,6.15,Low,Wheat,Seedling,31.4
39.5,59.86,19.83,Low,Rice,Vegetative,62.98
34.86,73.17,18.08,Moderate,Wheat,Flowering,71.08
24.45,40.51,18.21,Low,Sugarcane,Flowering,72.06
20.78,59.05,6.7,Moderate,Cotton,Flowering,40.18
22.97,63.25,14.89,Moderate,Rice,Vegetative,64.84
31.16,64.11,12.66,High,Rice,Seedling,56.68
27.16,81.91,4.2,High,Sugarcane,Harvest,47.98
23.88,64.63,4.61,Moderate,Wheat,Vegetative,44.95
27.1,60.01,15.47,High,Wheat,Fruiting,49.59
35.73,82.74,4.38,High,Wheat,Vegetative,32.27
31.59,45.1,4.66,Low,Sugarcane,Seedling,31.62
33.86,55.61,13.1,Moderate,Rice,Vegetative,56.3
20.22,49.88,4.66,Low,Rice,Harvest,54.24
30.29,66.67,7.34,High,Rice,Vegetative,38.68
29.74,67.37,18.44,Moderate,Sugarcane,Vegetative,70.03
31.85,80.05,12.83,Moderate,Rice,Fruiting,63.95
31.43,59.28,0.33,High,Sugarcane,Flowering,16.28
34.12,55.36,14.56,High,Wheat,Seedling,50.23
33.31,66.97,4.45,High,Wheat,Fruiting,24.86
26.46,75.66,12.58,Moderate,Wheat,Harvest,62.06
30.59,70.84,5.26,Low,Cotton,Harvest,42.77
36.06,41.9,12.06,High,Cotton,Fruiting,41.87
33.54,65.89,4.35,Low,Rice,Flowering,29.87
23.3,69.69,7.48,High,Sugarcane,Flowering,48.49
35.59,74.05,14.55,Low,Maize,Seedling,65.09
28.69,85.58,12.99,Moderate,Rice,Fruiting,63.64
24.46,54.88,8.35,Low,Maize,Harvest,55.5
30.64,52.33,11.19,Moderate,Cotton,Seedling,58.05
20.02,66.39,3.7,Low,Sugarcane,Fruiting,41.74
22.06,57.62,15.19,Low,Sugarcane,Flowering,63.35
33.53,60.73,11.93,Moderate,Cotton,Flowering,54.31
25.78,50.05,11.26,Moderate,Maize,Fruiting,46.96
35.57,72.65,3.97,Moderate,Rice,Harvest,35.92
20.63,47.48,17.04,Low,Wheat,Fruiting,77.27
27.6,58.8,13.66,Low,Maize,Fruiting,63.12
29.22,75.99,16.54,Low,Wheat,Flowering,77.5
29.04,68.21,11.97,Low,Sugarcane,Fruiting,50.65
21.92,46.19,12.06,Moderate,Cotton,Harvest,55.75
34.4,76.36,14.96,Low,Wheat,Fruiting,60.25
38.48,62.36,15.38,High,Wheat,Fruiting,46.99
32.28,71.51,5.59,Moderate,Sugarcane,Seedling,48.52
32.33,41.16,3.96,Low,Sugarcane,Flowering,36.84
35.42,72.85,7.31,High,Rice,Seedling,37.17
35.02,80.73,14.32,Moderate,Sugarcane,Harvest,67.07
25.1,64.69,4.27,Low,Cotton,Fruiting,48.01
37.64,77.21,15.73,High,Maize,Vegetative,56.68
31.45,72.96,7.78,Moderate,Rice,Harvest,42.91
30.85,84.7,14.8,Moderate,Rice,Harvest,67.75
35.07,65.12,19.53,Moderate,Wheat,Flowering,62.12
32.12,60.16,6.38,Low,Cotton,Seedling,45.71
34.94,42.89,4.79,High,Cotton,Harvest,29.71
27.8,59.66,12.17,High,Wheat,Flowering,54.32
25.96,83.74,7.17,High,Sugarcane,Harvest,46.41
39.93,49.33,2.04,Moderate,Sugarcane,Seedling,28.5
30.09,43.17,10.42,Low,Wheat,Flowering,52.69
28.39,54.54,8.54,Moderate,Cotton,Seedling,43.83
28.05,62.06,9.19,High,Cotton,Seedling,49.91
37.63,61.3,3.73,Low,Maize,Seedling,45.25
24.75,68.73,13.61,High,Maize,Flowering,56.58
28.18,65.14,18.52,Low,Cotton,Seedling,71.42
36.57,46.13,10.42,Low,Wheat,Vegetative,44.47
36.9,60.8,14.3,Moderate,Rice,Seedling,61.22
30.31,55.78,0.01,Low,Wheat,Harvest,28.93
37.09,49.65,10.37,Low,Rice,Seedling,43.99
25.89,57.69,9.31,High,Rice,Flowering,43.02
27.7,85.72,16.17,High,Maize,Harvest,69.22
31.57,49.48,8.02,High,Maize,Seedling,44.27
26.72,68.78,13.44,High,Cotton,Vegetative,63.16
31.53,66.61,1.63,Moderate,Sugarcane,Seedling,34.07
30.73,72.1,12.21,Low,Cotton,Vegetative,66.22
35.02,87.39,16.99,High,Maize,Seedling,66.43
38.24,45.07,8.45,Low,Cotton,Vegetative,35.84
22.81,78.12,5.59,Moderate,Wheat,Vegetative,44.16
37.43,82.98,16.17,Low,Rice,Vegetative,69.17
33.52,86.78,9.42,Moderate,Cotton,Harvest,51.52
23.09,62.45,10.82,Moderate,Sugarcane,Seedling,53.16
38.36,87.36,3.63,Moderate,Wheat,Seedling,41.9
38.34,89.73,11.84,Moderate,Rice,Fruiting,49.38
33.48,48.4,2.36,Moderate,Rice,Seedling,29.6
37.98,73.36,2.64,High,Wheat,Harvest,31.93
38.52,49.78,3.64,Moderate,Cotton,Harvest,30.43
31.62,85.76,1.19,Low,Wheat,Seedling,48.7
36.32,57.04,8.61,High,Cotton,Harvest,43.94
36.31,82.29,17.63,High,Sugarcane,Seedling,66.56
28.09,67.38,19.34,Moderate,Rice,Flowering,64.9
21.3,77.73,16.85,Moderate,Rice,Harvest,71.31
35.72,78.8,18.83,High,Rice,Flowering,57.57
35.92,60.35,0.85,High,Rice,Harvest,20.23
22.04,41.91,15.49,Low,Maize,Fruiting,65.04
25.27,68.3,7.05,Moderate,Rice,Harvest,52.67
36.99,56.62,18.17,High,Rice,Fruiting,57.61
33.85,62.84,6.81,Moderate,Cotton,Harvest,36.28
32.36,67.32,16.66,High,Rice,Fruiting,52.09
32.17,53.71,6.1,High,Cotton,Seedling,31.44
27.18,86.5,19.94,Moderate,Sugarcane,Vegetative,79.13
23.81,78.05,10.67,Moderate,Sugarcane,Fruiting,59.52
37.56,80.32,3.91,Low,Sugarcane,Flowering,37.58
30.49,71.5,2.47,Moderate,Sugarcane,Harvest,33.61
38.13,46.74,15.65,High,Sugarcane,Vegetative,48.69
28.92,59.4,2.42,Moderate,Sugarcane,Vegetative,38.31
30.8,61.77,15.36,Moderate,Cotton,Harvest,55.72
36.16,60.0,10.97,High,Sugarcane,Fruiting,40.61
22.5,58.48,3.15,Moderate,Sugarcane,Flowering,29.19
21.26,58.2,18.7,Low,Wheat,Seedling,86.06
22.95,47.4,3.59,Low,Maize,Vegetative,40.22
34.86,81.56,0.01,Moderate,Cotton,Harvest,27.54
27.81,43.13,3.6,Moderate,Rice,Flowering,32.97
20.17,58.0,14.64,Low,Maize,Vegetative,76.75
23.77,45.95,5.44,Moderate,Rice,Flowering,38.54
36.59,51.5,13.28,Low,Wheat,Vegetative,58.0
34.22,40.33,1.7,Low,Cotton,Flowering,30.13
37.78,51.31,2.18,Moderate,Rice,Flowering,25.76
36.15,66.91,15.8,High,Wheat,Flowering,54.03
36.01,49.84,16.86,Moderate,Sugarcane,Harvest,61.43
23.02,83.69,0.9,Low,Rice,Seedling,48.5
30.62,51.4,4.34,High,Cotton,Harvest,22.76
22.18,40.77,0.85,High,Cotton,Fruiting,15.77
26.21,88.67,6.88,Moderate,Cotton,Harvest,58.85
28.7,50.85,6.65,High,Sugarcane,Fruiting,39.48
35.53,83.55,17.34,Moderate,Wheat,Flowering,64.83
39.01,47.19,14.98,Moderate,Wheat,Flowering,42.88
34.96,46.41,6.44,Moderate,Rice,Seedling,42.51
39.4,73.98,15.14,High,Rice,Flowering,41.72
24.99,56.82,4.61,High,Cotton,Vegetative,36.37
29.43,40.36,5.24,Moderate,Sugarcane,Fruiting,28.17
27.58,42.21,2.57,High,Sugarcane,Flowering,18.39
33.93,65.03,1.58,High,Wheat,Seedling,28.85
26.27,43.61,16.84,Low,Sugarcane,Harvest,65.87
23.79,58.57,15.0,Low,Sugarcane,Vegetative,64.06
33.1,64.04,5.91,Low,Maize,Flowering,36.25
32.71,46.09,16.11,Low,Maize,Flowering,55.79
31.82,83.36,7.64,Moderate,Maize,Fruiting,43.35
38.63,50.68,11.9,High,Sugarcane,Seedling,46.45
33.67,58.12,4.54,Low,Maize,Harvest,46.41
23.29,61.61,12.31,Low,Rice,Seedling,71.93
34.93,79.59,6.05,Moderate,Maize,Harvest,44.84
27.29,75.57,14.02,High,Sugarcane,Seedling,66.42
30.47,44.62,18.65,High,Sugarcane,Seedling,68.21
39.92,80.45,2.62,Moderate,Cotton,Harvest,26.42
32.14,50.87,8.74,Low,Cotton,Vegetative,47.63
25.77,83.37,19.05,Low,Wheat,Seedling,81.87
23.72,83.55,6.43,High,Rice,Fruiting,37.46
29.01,74.29,19.61,High,Cotton,Vegetative,75.98
31.11,55.48,9.43,Moderate,Maize,Seedling,47.85
24.42,59.25,17.19,Moderate,Sugarcane,Seedling,64.12
39.34,58.88,14.34,Low,Cotton,Vegetative,50.66
39.34,79.37,12.9,Low,Rice,Harvest,64.98
24.25,82.82,8.31,High,Wheat,Fruiting,49.62
25.23,62.02,8.53,High,Wheat,Harvest,41.48
37.01,85.32,14.44,Moderate,Cotton,Fruiting,58.87
33.25,41.83,8.05,High,Sugarcane,Seedling,40.86
30.86,89.43,1.89,Low,Maize,Flowering,36.59
26.8,80.57,5.54,High,Rice,Seedling,53.38
33.16,89.07,15.97,Moderate,Rice,Vegetative,76.8
23.63,41.45,7.78,Low,Sugarcane,Harvest,52.56
29.48,75.38,6.14,High,Wheat,Fruiting,33.58
38.99,44.74,13.79,High,Maize,Harvest,39.16
27.23,89.24,11.05,High,Maize,Harvest,65.21
23.34,71.13,9.99,Low,Rice,Vegetative,67.85
28.2,85.48,7.88,High,Sugarcane,Vegetative,49.24
29.22,65.98,9.52,Moderate,Cotton,Vegetative,49.14
31.18,43.6,16.67,Moderate,Rice,Fruiting,50.92
31.91,69.24,4.4,High,Rice,Harvest,36.36
35.99,48.96,15.73,Low,Wheat,Vegetative,61.23
20.26,80.57,16.99,Low,Maize,Seedling,78.87
21.5,51.2,2.13,Moderate,Cotton,Seedling,35.77
23.67,49.94,19.44,Moderate,Cotton,Vegetative,76.94
25.23,69.25,0.26,Low,Cotton,Fruiting,29.72
38.68,78.87,18.15,Moderate,Sugarcane,Harvest,58.94
36.78,89.04,13.17,High,Rice,Flowering,58.96
29.62,66.52,18.44,Moderate,Sugarcane,Harvest,77.85
27.62,73.32,7.74,Low,Rice,Harvest,58.74
22.36,80.05,15.23,Moderate,Wheat,Fruiting,66.52
33.49,42.86,10.18,Moderate,Cotton,Harvest,41.48
23.16,53.35,7.26,Moderate,Rice,Flowering,41.24
33.64,70.9,3.14,Moderate,Sugarcane,Seedling,31.16
33.63,55.41,12.37,Moderate,Sugarcane,Vegetative,52.94
23.66,81.83,8.27,High,Sugarcane,Harvest,50.26
30.17,74.39,17.35,High,Cotton,Fruiting,65.42
20.7,77.81,6.86,High,Sugarcane,Vegetative,57.94
30.02,89.32,9.58,High,Maize,Vegetative,60.04
38.32,89.64,8.21,Moderate,Sugarcane,Seedling,44.99
24.02,64.5,16.79,High,Sugarcane,Flowering,63.58
36.17,79.92,14.71,High,Sugarcane,Fruiting,50.56
25.19,69.17,5.3,Moderate,Rice,Flowering,39.92
32.57,76.91,5.5,Moderate,Maize,Flowering,41.48
34.34,46.49,0.47,Moderate,Wheat,Fruiting,17.43
32.01,40.28,14.5,High,Cotton,Harvest,45.75
37.57,72.08,5.17,Low,Wheat,Fruiting,42.82
26.99,67.7,18.84,Moderate,Cotton,Seedling,74.16
30.64,49.94,10.67,Moderate,Cotton,Vegetative,42.93
32.14,52.38,12.02,Moderate,Cotton,Seedling,55.59
25.53,79.04,9.49,Moderate,Wheat,Seedling,67.65
37.51,44.37,0.03,Moderate,Wheat,Vegetative,22.34
34.13,81.92,6.28,Low,Wheat,Fruiting,43.86
24.61,66.65,12.63,Moderate,Wheat,Vegetative,68.35
38.49,63.36,12.95,Moderate,Sugarcane,Fruiting,50.64
24.95,82.54,19.03,Moderate,Wheat,Harvest,82.58
25.29,56.78,2.93,Low,Cotton,Flowering,43.34
21.4,83.86,0.42,High,Sugarcane,Fruiting,26.68
36.08,45.51,17.48,Moderate,Rice,Fruiting,50.03
30.35,69.59,9.23,High,Sugarcane,Vegetative,46.2
39.92,83.15,0.43,Low,Maize,Flowering,24.39
26.43,83.11,7.42,High,Sugarcane,Harvest,50.55
37.1,41.15,16.17,Moderate,Wheat,Fruiting,40.75
35.21,41.45,8.07,High,Sugarcane,Flowering,25.94
29.41,64.04,12.73,High,Cotton,Seedling,61.75
31.99,51.96,14.38,Low,Wheat,Harvest,54.39
23.75,63.09,7.28,High,Cotton,Harvest,52.39
39.2,45.12,14.73,Low,Wheat,Fruiting,48.16
30.01,40.45,18.33,High,Rice,Fruiting,54.71
35.17,71.4,15.08,High,Maize,Seedling,63.64
36.37,53.37,9.92,Moderate,Cotton,Vegetative,46.92
33.61,55.07,10.62,Moderate,Cotton,Vegetative,51.89
24.56,65.88,15.38,Moderate,Wheat,Fruiting,70.83
26.57,54.24,13.57,Moderate,Maize,Harvest,52.94
23.69,42.89,0.2,Low,Sugarcane,Harvest,39.26
30.12,79.59,15.72,Moderate,Wheat,Seedling,69.21
34.88,56.28,12.48,Moderate,Maize,Flowering,52.66
31.02,72.95,18.02,High,Cotton,Vegetative,58.1
39.92,88.59,0.67,High,Maize,Fruiting,13.2
34.26,57.11,8.47,High,Rice,Seedling,43.25
23.18,81.67,12.98,Low,Cotton,Harvest,76.05
28.04,49.79,0.43,High,Wheat,Vegetative,20.18
39.29,57.63,19.38,Low,Rice,Fruiting,65.05
31.86,80.16,5.5,Low,Wheat,Fruiting,41.0
23.27,45.87,17.33,High,Cotton,Flowering,53.71
31.17,86.07,0.09,Moderate,Wheat,Vegetative,28.34
38.95,47.0,0.78,High,Sugarcane,Harvest,10.0
38.17,55.05,17.49,High,Rice,Harvest,49.26
39.35,85.48,6.93,High,Maize,Fruiting,29.89
30.32,62.17,16.49,High,Sugarcane,Vegetative,61.06
30.51,77.42,5.42,High,Maize,Flowering,31.53
36.6,58.74,1.69,Low,Sugarcane,Vegetative,36.81
23.76,65.76,2.76,Moderate,Wheat,Harvest,38.47
39.13,65.22,3.69,Moderate,Maize,Fruiting,29.35
35.48,79.17,13.23,Low,Maize,Flowering,60.94
24.87,86.84,2.48,Moderate,Cotton,Flowering,47.13
25.24,65.09,7.75,High,Maize,Seedling,52.58
35.24,65.62,5.63,High,Rice,Flowering,32.67
30.21,46.81,5.11,Moderate,Maize,Seedling,32.91
26.65,62.18,17.01,High,Maize,Flowering,64.3
32.03,80.0,18.68,Moderate,Maize,Harvest,73.64
37.18,65.39,14.24,High,Wheat,Fruiting,45.22
26.59,62.35,16.73,High,Sugarcane,Fruiting,55.58
31.49,49.0,5.68,High,Rice,Vegetative,26.47
28.95,82.58,14.73,Low,Sugarcane,Harvest,72.54
20.77,64.67,14.21,Moderate,Maize,Harvest,75.78
30.95,55.53,13.76,Moderate,Sugarcane,Flowering,58.92
36.91,45.28,8.53,Low,Cotton,Flowering,42.43
33.18,64.43,3.08,Moderate,Cotton,Vegetative,31.06
20.6,48.44,9.01,Moderate,Maize,Harvest,55.62
20.42,55.06,15.64,Low,Sugarcane,Vegetative,76.46
27.95,49.87,1.26,Moderate,Maize,Seedling,34.47
24.04,45.16,18.13,High,Rice,Seedling,62.63
39.21,56.82,4.81,Moderate,Maize,Flowering,28.22
26.72,81.54,18.47,Low,Rice,Fruiting,86.59
39.13,73.18,4.07,High,Sugarcane,Fruiting,23.24
21.08,81.02,12.26,Low,Maize,Harvest,66.88
30.05,77.96,1.02,Low,Rice,Fruiting,30.01
38.21,74.02,11.18,Low,Rice,Harvest,54.54
24.63,59.55,7.67,Low,Cotton,Vegetative,59.96
33.36,61.01,10.47,High,Cotton,Harvest,41.25
33.58,88.98,0.67,Moderate,Cotton,Vegetative,36.86
21.86,58.47,4.09,Low,Wheat,Fruiting,40.61
20.66,75.41,13.72,High,Wheat,Vegetative,72.33
28.67,64.99,0.85,Low,Wheat,Harvest,38.4
28.95,48.48,13.1,Low,Cotton,Harvest,61.04
30.56,54.17,18.78,High,Rice,Fruiting,62.49
28.65,52.42,17.64,Low,Rice,Harvest,66.34
30.25,44.64,5.88,High,Sugarcane,Fruiting,23.8
25.56,76.4,8.26,Moderate,Rice,Flowering,50.05
31.18,78.32,15.3,Moderate,Cotton,Fruiting,60.72
28.85,79.24,6.55,Low,Cotton,Fruiting,49.2
37.09,53.63,11.33,Moderate,Sugarcane,Harvest,44.48
21.77,86.61,5.14,High,Wheat,Harvest,50.74
26.7,44.59,6.54,Moderate,Sugarcane,Flowering,38.86
23.92,53.96,18.83,High,Sugarcane,Harvest,71.62
36.94,86.94,16.1,Moderate,Cotton,Fruiting,60.2
33.35,80.39,1.28,Low,Cotton,Vegetative,44.69
31.53,79.53,4.86,High,Wheat,Flowering,32.47
29.81,49.29,1.05,Moderate,Wheat,Vegetative,27.02
31.16,53.49,19.62,High,Rice,Vegetative,63.52
29.84,55.04,17.67,High,Maize,Fruiting,56.54
21.03,53.27,6.59,High,Sugarcane,Flowering,41.47
28.99,59.97,16.39,Moderate,Sugarcane,Harvest,63.02
33.54,42.71,7.05,Low,Wheat,Fruiting,38.69
29.58,61.22,12.78,High,Maize,Vegetative,59.31
38.31,48.28,0.73,Moderate,Rice,Flowering,22.84
27.1,84.14,15.99,Low,Rice,Seedling,76.41
21.76,74.25,8.63,Moderate,Sugarcane,Seedling,65.7
22.75,52.48,1.66,High,Rice,Harvest,37.73
26.95,87.2,0.43,Moderate,Sugarcane,Flowering,37.58
24.71,55.83,17.04,Moderate,Rice,Harvest,61.87
25.26,49.38,3.71,Low,Cotton,Harvest,47.66
29.52,61.17,14.2,Low,Wheat,Fruiting,63.72
33.84,42.38,5.58,Low,Wheat,Harvest,30.45
28.04,86.0,14.88,High,Cotton,Seedling,70.89
29.82,41.91,3.02,High,Rice,Harvest,20.64
29.18,81.93,15.57,Moderate,Cotton,Fruiting,63.28
